nameOrig,isFraud,isFlaggedFraud
C1231006815,0,0
C1666544295,0,0
C1305486145,1,0
C840083671,1,0
C2048537720,0,0
C90045638,0,0
C154988899,0,0
C1912850431,0,0
C1265012928,0,0
C712410124,0,0
C1900366749,0,0
C249177573,0,0
C1648232591,0,0
C1716932897,0,0
C1026483832,0,0
C905080434,0,0
C761750706,0,0
C1237762639,0,0
C2033524545,0,0
C1670993182,0,0
C20804602,0,0
C1566511282,0,0
C1959239586,0,0
C504336483,0,0
C1984094095,0,0
C1043358826,0,0
C1671590089,0,0
C1053967012,0,0
C1632497828,0,0
C764826684,0,0
C2103763750,0,0
C215078753,0,0
C840514538,0,0
C1768242710,0,0
C247113419,0,0
C1238616099,0,0
C1608633989,0,0
C923341586,0,0
C1470868839,0,0
C711197015,0,0
C1481594086,0,0
C1466917878,0,0
C768216420,0,0
C260084831,0,0
C598357562,0,0
C1440738283,0,0
C484199463,0,0
C1570470538,0,0
C512549200,0,0
C1615801298,0,0
C460570271,0,0
C2072313080,0,0
C816944408,0,0
C912966811,0,0
C1458621573,0,0
C46941357,0,0
C343345308,0,0
C104716441,0,0
C1976401987,0,0
C867288517,0,0
C1528834618,0,0
C280615803,0,0
C166694583,0,0
C885910946,0,0
C811207775,0,0
C1161148117,0,0
C1131592118,0,0
C1262609629,0,0
C1955990522,0,0
C69673470,0,0
C527211736,0,0
C1533123860,0,0
C1718906711,0,0
C71802912,0,0
C686349795,0,0
C1423768154,0,0
C1987977423,0,0
C807322507,0,0
C283039401,0,0
C207471778,0,0
C1243171897,0,0
C1376151044,0,0
C873175411,0,0
C1443967876,0,0
C1449772539,0,0
C926859124,0,0
C1603696865,0,0
C12905860,0,0
C412788346,0,0
C1520267010,0,0
C908084672,0,0
C288306765,0,0
C1556867940,0,0
C1839168128,0,0
C1495608502,0,0
C835773569,0,0
C843299092,0,0
C605982374,0,0
C1412322831,0,0
C1305004711,0,0
C1003206025,0,0
C806813022,0,0
C1406206626,0,0
C1799230133,0,0
C20156341,0,0
C1509309988,0,0
C2091072548,0,0
C263053820,0,0
C1740826931,0,0
C69062746,0,0
C1631227617,0,0
C24650043,0,0
C1896074070,0,0
C460741164,0,0
C781091365,0,0
C1858015030,0,0
C671596011,0,0
C1687354037,0,0
C743778731,0,0
C967323951,0,0
C743648472,0,0
C1368862151,0,0
C922807452,0,0
C1494346128,0,0
C822087264,0,0
C38603201,0,0
C1694784135,0,0
C1207231495,0,0
C1221981006,0,0
C1878413714,0,0
C1257299717,0,0
C181252244,0,0
C722417467,0,0
C753631393,0,0
C1262869688,0,0
C544386226,0,0
C900298796,0,0
C1166106620,0,0
C221861886,0,0
C697508322,0,0
C603658030,0,0
C361380654,0,0
C1579132337,0,0
C1795225096,0,0
C1048712791,0,0
C1909398279,0,0
C1338905451,0,0
C1252540239,0,0
C1136005694,0,0
C426019904,0,0
C1642679791,0,0
C855700733,0,0
C247162961,0,0
C1890266440,0,0
C1527152775,0,0
C1863655430,0,0
C976827477,0,0
C324112183,0,0
C2092709730,0,0
C980364771,0,0
C1233595751,0,0
C1446001495,0,0
C1261044180,0,0
C141110631,0,0
C2029372696,0,0
C793293778,0,0
C888611662,0,0
C1966355106,0,0
C599782425,0,0
C1233327519,0,0
C1155769010,0,0
C269892014,0,0
C1280641161,0,0
C489411441,0,0
C1141113940,0,0
C1711185459,0,0
C25936709,0,0
C1123559518,0,0
C649769713,0,0
C925150995,0,0
C1760219993,0,0
C1800649922,0,0
C403547747,0,0
C172215878,0,0
C873309260,0,0
C1112456099,0,0
C923083575,0,0
C589363823,0,0
C2052457859,0,0
C1299327689,0,0
C1408279755,0,0
C2007486296,0,0
C1033348658,0,0
C1634723627,0,0
C938463537,0,0
C2121995675,0,0
C2120063568,0,0
C1620409359,0,0
C691691381,0,0
C264978436,0,0
C500618423,0,0
C1458091526,0,0
C768776793,0,0
C2018260103,0,0
C1393828949,0,0
C1088417975,0,0
C2036775591,0,0
C1620529408,0,0
C307488715,0,0
C758572926,0,0
C1640612861,0,0
C990679445,0,0
C913065088,0,0
C746280996,0,0
C50503805,0,0
C1557989809,0,0
C146874094,0,0
C2123222442,0,0
C1746570062,0,0
C1544078442,0,0
C1887699190,0,0
C1108889615,0,0
C455888635,0,0
C204322447,0,0
C1164365897,0,0
C3565780,0,0
C1865219266,0,0
C1278002745,0,0
C214649627,0,0
C15477956,0,0
C2082351661,0,0
C859690270,0,0
C1389774257,0,0
C553759818,0,0
C751021317,0,0
C294658299,0,0
C201677908,0,0
C635611994,0,0
C1930903395,0,0
C1700721442,0,0
C872522004,0,0
C1110698130,0,0
C1053632127,0,0
C89509666,0,0
C1016856028,0,0
C832292933,0,0
C792855998,0,0
C1003755748,0,0
C1805164661,0,0
C896138248,0,0
C243575009,0,0
C1420196421,1,0
C2101527076,1,0
C1454026445,0,0
C892931811,0,0
C1574873161,0,0
C600958416,0,0
C1492875057,0,0
C1068945248,0,0
C882646447,0,0
C79290250,0,0
C1586151649,0,0
C1767230265,0,0
C727666004,0,0
C414225167,0,0
C975033189,0,0
C628064884,0,0
C1389509050,0,0
C1761217448,0,0
C788905599,0,0
C1544614339,0,0
C2059592603,0,0
C1688782916,0,0
C1390301622,0,0
C973936431,0,0
C1756207614,0,0
C2015301874,0,0
C712627377,0,0
C399373008,0,0
C1936550492,0,0
C594651850,0,0
C1532139270,0,0
C1677568775,0,0
C2069500590,0,0
C1431556341,0,0
C452364286,0,0
C350069300,0,0
C1060703587,0,0
C1957078537,0,0
C1514214932,0,0
C594858858,0,0
C1423016050,0,0
C1202042637,0,0
C440736059,0,0
C1384563514,0,0
C1548946718,0,0
C140404585,0,0
C207546206,0,0
C200404000,0,0
C191945292,0,0
C1317375498,0,0
C1130346421,0,0
C192428201,0,0
C1768882706,0,0
C472991420,0,0
C1202220987,0,0
C425015667,0,0
C2075568954,0,0
C1279740095,0,0
C2095677157,0,0
C1943855334,0,0
C847320212,0,0
C1406848276,0,0
C785306763,0,0
C1123236701,0,0
C79161706,0,0
C1057468716,0,0
C1888924788,0,0
C1016633682,0,0
C1027319653,0,0
C1561745898,0,0
C424786033,0,0
C867093003,0,0
C1470911015,0,0
C244872973,0,0
C795748540,0,0
C837073696,0,0
C416201381,0,0
C1985938863,0,0
C1660325375,0,0
C334593716,0,0
C487416600,0,0
C1271041075,0,0
C1544895390,0,0
C1971991758,0,0
C201274566,0,0
C354605216,0,0
C1447353473,0,0
C611289995,0,0
C1129433283,0,0
C1810518740,0,0
C1547883191,0,0
C1528769018,0,0
C1089930529,0,0
C1429483328,0,0
C1927963027,0,0
C833240229,0,0
C1167088639,0,0
C191568263,0,0
C751608431,0,0
C893640573,0,0
C893523498,0,0
C1108517064,0,0
C511354923,0,0
C992743048,0,0
C1540894701,0,0
C203149502,0,0
C1198197478,0,0
C476579021,0,0
C106297322,0,0
C1419332030,0,0
C1262110193,0,0
C396918327,0,0
C1055601039,0,0
C547441493,0,0
C967677821,0,0
C1839206329,0,0
C169880779,0,0
C552674617,0,0
C1974622245,0,0
C402808045,0,0
C332365138,0,0
C977160959,0,0
C1563053805,0,0
C1464177809,0,0
C1057507014,0,0
C2007599722,0,0
C2029780820,0,0
C65080774,0,0
C2116179210,0,0
C1172535934,0,0
C1648700617,0,0
C1765900922,0,0
C94830685,0,0
C1539947037,0,0
C270661321,0,0
C1217312754,0,0
C1099552523,0,0
C1047934137,0,0
C1862994526,0,0
C1614133563,0,0
C839771540,0,0
C1037163664,0,0
C180316302,0,0
C1200546947,0,0
C443713699,0,0
C695530017,0,0
C1493042329,0,0
C1751403001,0,0
C1717433286,0,0
C1756819670,0,0
C1078262677,0,0
C178604517,0,0
C57624756,0,0
C1543518287,0,0
C998242313,0,0
C464872674,0,0
C1659286984,0,0
C1064905627,0,0
C2072130509,0,0
C1260440107,0,0
C482307698,0,0
C1793899405,0,0
C1765702,0,0
C1302725372,0,0
C713898436,0,0
C632475595,0,0
C1920305914,0,0
C263833514,0,0
C1278839936,0,0
C2143739483,0,0
C565881091,0,0
C1618984457,0,0
C1621254922,0,0
C702500163,0,0
C1574509514,0,0
C1087072654,0,0
C864221358,0,0
C1617174216,0,0
C1979080261,0,0
C1860886124,0,0
C1250499735,0,0
C173791568,0,0
C1293462056,0,0
C1966670937,0,0
C2002174925,0,0
C588449070,0,0
C735228558,0,0
C376725601,0,0
C1476235721,0,0
C1828508781,0,0
C1376017854,0,0
C1552870927,0,0
C1448805967,0,0
C641882263,0,0
C1930837320,0,0
C1489193907,0,0
C1453606810,0,0
C1645624121,0,0
C547923534,0,0
C1660223291,0,0
C379124840,0,0
C1157943921,0,0
C544966217,0,0
C1706272858,0,0
C882471736,0,0
C1475192960,0,0
C727197178,0,0
C1406253491,0,0
C749604930,0,0
C373097727,0,0
C2082509879,0,0
C576894497,0,0
C2123533871,0,0
C16148478,0,0
C2022689531,0,0
C1340848245,0,0
C635610193,0,0
C379121284,0,0
C281421502,0,0
C50072771,0,0
C848097505,0,0
C1672598778,0,0
C1122233828,0,0
C538667887,0,0
C1967496309,0,0
C406749219,0,0
C1173340685,0,0
C1045731788,0,0
C1739267143,0,0
C192456457,0,0
C817689537,0,0
C708613859,0,0
C365625031,0,0
C1531200408,0,0
C212963786,0,0
C1123321137,0,0
C685934,0,0
C2032909428,0,0
C2031377754,0,0
C523211332,0,0
C1280124872,0,0
C1747053097,0,0
C864326906,0,0
C1348115836,0,0
C1972143064,0,0
C312168418,0,0
C95369743,0,0
C26928827,0,0
C278476563,0,0
C615954678,0,0
C1926180325,0,0
C1594039997,0,0
C1170788511,0,0
C347091104,0,0
C1110195322,0,0
C226690498,0,0
C1976602906,0,0
C1624351535,0,0
C582300198,0,0
C533415944,0,0
C1086849943,0,0
C1265053098,0,0
C235370598,0,0
C2083217543,0,0
C177104018,0,0
C478139423,0,0
C997695567,0,0
C2066892165,0,0
C48305285,0,0
C1714378342,0,0
C93798665,0,0
C519303080,0,0
C1871680329,0,0
C1976166251,0,0
C1547398254,0,0
C1979055448,0,0
C934740803,0,0
C812143047,0,0
C1215951090,0,0
C894421232,0,0
C1182311147,0,0
C1531182070,0,0
C1491860739,0,0
C534753234,0,0
C231725600,0,0
C259251414,0,0
C803893384,0,0
C1372422140,0,0
C1288108586,0,0
C2054757222,0,0
C348132918,0,0
C1805443519,0,0
C1978504976,0,0
C1129869771,0,0
C2044337856,0,0
C422409467,0,0
C1659515968,0,0
C664091267,0,0
C1724814719,0,0
C1543146693,0,0
C1956415355,0,0
C24039137,0,0
C992086987,0,0
C1244867001,0,0
C369805307,0,0
C1100109058,0,0
C1394010463,0,0
C1057307776,0,0
C1636588948,0,0
C95685867,0,0
C494953170,0,0
C999647352,0,0
C677120200,0,0
C957923719,0,0
C1692073709,0,0
C1197498159,0,0
C500230084,0,0
C1028145537,0,0
C2078641942,0,0
C1527882132,0,0
C1626852381,0,0
C1193398802,0,0
C1171255580,0,0
C1275009283,0,0
C1478995734,0,0
C1456061400,0,0
C104261836,0,0
C351656492,0,0
C597364637,0,0
C1527086220,0,0
C1697281847,0,0
C737104370,0,0
C821405322,0,0
C1328323494,0,0
C1408533352,0,0
C252615006,0,0
C1943750504,0,0
C176955204,0,0
C1011044643,0,0
C1358857082,0,0
C2056234595,0,0
C2023917549,0,0
C1398260359,0,0
C2052223881,0,0
C1213871206,0,0
C628392976,0,0
C725832346,0,0
C1113895488,0,0
C1527007086,0,0
C1523649562,0,0
C1807176280,0,0
C203819996,0,0
C1977618945,0,0
C662925691,0,0
C1995952705,0,0
C1244880808,0,0
C1060519157,0,0
C58890945,0,0
C1269773610,0,0
C464649704,0,0
C367967231,0,0
C36531985,0,0
C815336475,0,0
C609483101,0,0
C1149407083,0,0
C767436045,0,0
C1430199669,0,0
C1847431070,0,0
C1043639521,0,0
C1660837991,0,0
C1325866488,0,0
C1306794745,0,0
C1454171136,0,0
C1195396074,0,0
C811562535,0,0
C1560379655,0,0
C1824322115,0,0
C702999333,0,0
C1648582256,0,0
C865858182,0,0
C951988316,0,0
C647973805,0,0
C1591161296,0,0
C842331982,0,0
C2076249476,0,0
C660595570,0,0
C1088491512,0,0
C1434066477,0,0
C648315947,0,0
C2117642238,0,0
C913242382,0,0
C870322840,0,0
C837246227,0,0
C173738886,0,0
C1262237002,0,0
C2029754983,0,0
C1946111918,0,0
C564817260,0,0
C194415222,0,0
C798622145,0,0
C638695843,0,0
C1411543296,0,0
C1800967368,0,0
C338887787,0,0
C1061448687,0,0
C2015999862,0,0
C1467515503,0,0
C1533330615,0,0
C1197721383,0,0
C1917082298,0,0
C1639765351,0,0
C478209179,0,0
C1166230227,0,0
C307411297,0,0
C1445424568,0,0
C1374217958,0,0
C1459016715,0,0
C1530957251,0,0
C767511741,0,0
C548795052,0,0
C2143571436,0,0
C691863815,0,0
C647149086,0,0
C103787801,0,0
C1959451969,0,0
C1441328175,0,0
C1831141281,0,0
C2000648320,0,0
C1114335860,0,0
C137533655,1,0
C1118430673,1,0
C1527254842,0,0
C1800693087,0,0
C1717473929,0,0
C1868578441,0,0
C890160158,0,0
C1768127248,0,0
C119112899,0,0
C375074687,0,0
C1429616542,0,0
C662666707,0,0
C1821100643,0,0
C593768538,0,0
C1191864687,0,0
C466032056,0,0
C690822257,0,0
C726212590,0,0
C1058822905,0,0
C475394679,0,0
C1574615832,0,0
C1049590050,0,0
C1662592920,0,0
C1357686726,0,0
C1491522744,0,0
C501608687,0,0
C929706284,0,0
C42820240,0,0
C1822434669,0,0
C1592840862,0,0
C955611965,0,0
C1021565761,0,0
C1692375649,0,0
C237373286,0,0
C883521348,0,0
C2086068243,0,0
C1076202543,0,0
C749486981,0,0
C1731295355,0,0
C2061440682,0,0
C1488946768,0,0
C1907241392,0,0
C1269118128,0,0
C739264372,0,0
C749981943,1,0
C1313960293,0,0
C1785111044,0,0
C494894055,0,0
C500885941,0,0
C616412281,0,0
C878861517,0,0
C1705665942,0,0
C1100619942,0,0
C864248990,0,0
C15892131,0,0
C879311295,0,0
C1483145520,0,0
C163385254,0,0
C970781872,0,0
C258737099,0,0
C407997647,0,0
C1988939205,0,0
C275056979,0,0
C371976476,0,0
C480184864,0,0
C483525032,0,0
C429058804,0,0
C52913970,0,0
C836969741,0,0
C567852222,0,0
C1938025186,0,0
C2088582214,0,0
C1220759559,0,0
C1730337646,0,0
C1256405521,0,0
C2051598050,0,0
C61426020,0,0
C1829460911,0,0
C708153797,0,0
C54960993,0,0
C373544591,0,0
C409565350,0,0
C1210939243,0,0
C1079125839,0,0
C696165690,0,0
C1542598424,0,0
C2054451662,0,0
C1659309731,0,0
C1734184086,0,0
C1947941827,0,0
C785625589,0,0
C1758893871,0,0
C1985028494,0,0
C1832283291,0,0
C1532554556,0,0
C976358110,0,0
C2014563089,0,0
C198098993,0,0
C854653864,0,0
C703555670,0,0
C1068445309,0,0
C1453062635,0,0
C1632789609,0,0
C124494140,0,0
C2083854344,0,0
C1119242936,0,0
C2123914473,0,0
C1091234211,0,0
C224060798,0,0
C2116299597,0,0
C50720817,0,0
C1496220730,0,0
C488600086,0,0
C1111379131,0,0
C1846982837,0,0
C1135935001,0,0
C635288507,0,0
C355885103,0,0
C1321115948,0,0
C706665172,0,0
C1649847375,0,0
C1153933106,0,0
C2144067911,0,0
C593447952,0,0
C1950136544,0,0
C209360730,0,0
C740007499,0,0
C1687627235,0,0
C1007660652,0,0
C1387620926,0,0
C1324173038,0,0
C1336775847,0,0
C1196963249,0,0
C1663488386,0,0
C1902801188,0,0
C577127077,0,0
C1556162268,0,0
C1924990666,0,0
C144445623,0,0
C1572745406,0,0
C1434015813,0,0
C295640874,0,0
C438151297,0,0
C96039159,0,0
C375097969,0,0
C788892554,0,0
C1060042118,0,0
C1992801971,0,0
C754527431,0,0
C2064883371,0,0
C82275756,0,0
C1629353699,0,0
C1651754404,0,0
C1407324654,0,0
C1101598632,0,0
C1032568028,0,0
C1380976928,0,0
C293474277,0,0
C413373997,0,0
C2024711353,0,0
C711310213,0,0
C1267042315,0,0
C1335061928,0,0
C1108706191,0,0
C1160487387,0,0
C579447973,0,0
C1990421361,0,0
C407148497,0,0
C16373883,0,0
C1878700101,0,0
C40875560,0,0
C1042891691,0,0
C1893563925,0,0
C1251967187,0,0
C901689694,0,0
C1107204185,0,0
C1523084197,0,0
C1818747191,0,0
C747870628,0,0
C421191743,0,0
C9844218,0,0
C1403716230,0,0
C1673916398,0,0
C756080817,0,0
C479734028,0,0
C388802347,0,0
C1541046463,0,0
C1910896157,0,0
C753426788,0,0
C1586470445,0,0
C1373577787,0,0
C265577219,0,0
C1624817884,0,0
C1107579932,0,0
C1784834205,0,0
C1174586025,0,0
C1627010197,0,0
C4073506,0,0
C2044825144,0,0
C698747943,0,0
C407493402,0,0
C1774690057,0,0
C480402503,0,0
C100445376,0,0
C1396385390,0,0
C114414807,0,0
C144699438,0,0
C1751500625,0,0
C1650955365,0,0
C1788380050,0,0
C493944943,0,0
C1533547487,0,0
C99770475,0,0
C727250772,0,0
C1052768296,0,0
C626193099,0,0
C859123506,0,0
C1597742167,0,0
C503595296,0,0
C754072705,0,0
C908384914,0,0
C156199931,0,0
C612693043,0,0
C307605969,0,0
C130166095,0,0
C1623060829,0,0
C1373949107,0,0
C1230013344,0,0
C681639276,0,0
C1717739363,0,0
C665137804,0,0
C1815370847,0,0
C1709578324,0,0
C1338958728,0,0
C988904418,0,0
C938613108,0,0
C1850874910,0,0
C97901029,0,0
C1324514662,0,0
C908722588,0,0
C1548271808,0,0
C1733056574,0,0
C636959006,0,0
C1059300256,0,0
C1605988985,0,0
C1636178473,0,0
C822232612,0,0
C852190062,0,0
C1674403916,0,0
C61137731,0,0
C1780293706,0,0
C1264941544,0,0
C1818449913,0,0
C961859592,0,0
C798278875,0,0
C1926027290,0,0
C1690050988,0,0
C1562764987,0,0
C216376974,0,0
C164714495,0,0
C789982400,0,0
C2080643905,0,0
C1627883152,0,0
C1076966140,0,0
C749443480,0,0
C1721045976,0,0
C1250582716,0,0
C2019157894,0,0
C827035437,0,0
C1360541835,0,0
C2021053848,0,0
C1245593227,0,0
C118555812,0,0
C1233505227,0,0
C1928621590,0,0
C858423246,0,0
C88301993,0,0
C1377301456,0,0
C691779749,0,0
C1873121466,0,0
C1927499639,0,0
C949673757,0,0
C532677950,0,0
C1200048933,0,0
C862025017,0,0
C1572127577,0,0
C417797183,0,0
C1959708563,0,0
C1877986974,0,0
C1334405552,1,0
C467632528,1,0
C422522663,0,0
C145066402,0,0
C1800500978,0,0
C191310504,0,0
C247515192,0,0
C1556520190,0,0
C701487403,0,0
C2039984535,0,0
C1175418534,0,0
C296541232,0,0
C1997357673,0,0
C26357357,0,0
C1990733619,0,0
C1958592872,0,0
C1395262169,0,0
C1629454900,0,0
C2075372030,0,0
C2139168000,0,0
C1653751526,0,0
C253348306,0,0
C194107588,0,0
C175595853,0,0
C1241938981,0,0
C1004430079,0,0
C732597634,0,0
C2031927175,0,0
C1967617997,0,0
C925803196,0,0
C49318987,0,0
C2111882926,0,0
C215759534,0,0
C98351968,0,0
C1278616846,0,0
C559050604,0,0
C697460450,0,0
C1726616678,0,0
C1006624255,0,0
C1349025531,0,0
C338620258,0,0
C1502668485,0,0
C903268937,0,0
C1193841543,0,0
C315461968,0,0
C255941269,0,0
C1917784974,0,0
C855547146,0,0
C105751207,0,0
C1174881426,0,0
C745627268,0,0
C1195542839,0,0
C130721104,0,0
C1924227192,0,0
C583559449,0,0
C453671855,0,0
C52451302,0,0
C1856093404,0,0
C105321150,0,0
C820878444,0,0
C1187410086,0,0
C95322593,0,0
C802255644,0,0
C1617156106,0,0
C895366343,0,0
C707635461,0,0
C1624211687,0,0
C1997344422,0,0
C1410367298,0,0
C454160179,0,0
C1827303532,0,0
C791408866,0,0
C515520300,0,0
C637091966,0,0
C1428494531,0,0
C1504321715,0,0
C1260487756,0,0
C328197868,0,0
C431164562,0,0
C1163088324,0,0
C696739588,0,0
C1228963996,0,0
C82825098,0,0
C932885627,0,0
C1251897263,0,0
C1313799195,0,0
C2093319848,0,0
C1151512955,0,0
C712423434,0,0
C2125470482,0,0
C1641672672,0,0
C2121317689,0,0
C1843743552,0,0
C948960194,0,0
C1302877661,0,0
C562561015,0,0
C567656864,0,0
C1401295795,0,0
C288919635,0,0
C1052842393,0,0
C167013780,0,0
C779598031,0,0
C108982313,0,0
C2113243119,0,0
C1851255134,0,0
C1457226878,0,0
C121678773,0,0
C1443675930,0,0
C1609086753,0,0
C1427775702,0,0
C1690481990,0,0
C2047984839,0,0
C1968552224,0,0
C1095947149,0,0
C1402531280,0,0
C1556461159,0,0
C1642973315,0,0
C405741210,0,0
C1712230656,0,0
C164439551,0,0
C896852376,0,0
C229919394,0,0
C1057569470,0,0
C1324262781,0,0
C237297104,0,0
C1418622705,0,0
C1925785585,0,0
C1037475674,0,0
C983767354,0,0
C32393008,0,0
C1342374939,0,0
C1917562344,0,0
C1807894765,0,0
C211973922,0,0
C1890287843,0,0
C156711739,0,0
C2017860548,0,0
C1413886135,0,0
C278262050,0,0
C1029898472,0,0
C614580607,0,0
C1934692470,0,0
C1395073533,0,0
C68195659,0,0
C2142893855,0,0
C993420850,0,0
C1364127192,1,0
C1635772897,1,0
C1768952842,0,0
C989126847,0,0
C609887969,0,0
C1298380324,0,0
C1181545730,0,0
C773348567,0,0
C1602167682,0,0
C67620673,0,0
C1746257394,0,0
C1187779195,0,0
C1523510420,0,0
C977997405,0,0
C280531669,0,0
C1027569178,0,0
C1469907228,0,0
C1160652496,0,0
C2030138610,0,0
C1988746735,0,0
C439232821,0,0
C1264754451,0,0
C463381475,0,0
C1441243996,0,0
C1495445111,0,0
C720770771,0,0
C1038820134,0,0
C1658020779,0,0
C988690806,0,0
C667890001,0,0
C310276293,0,0
C1494277749,0,0
C1091107430,0,0
C521342639,0,0
C2114629072,0,0
C557197074,0,0
C669725336,0,0
C537536188,0,0
C197491520,0,0
C458998685,0,0
C1700421020,0,0
C345290829,0,0
C883678948,0,0
C1906947271,0,0
C1177072083,0,0
C2010070923,0,0
C502891368,0,0
C566891420,0,0
C577734751,0,0
C752011518,0,0
C2103569615,0,0
C214320652,0,0
C1379207867,0,0
C443491171,0,0
C1589466857,0,0
C1676888944,0,0
C458817438,0,0
C795273218,0,0
C1454870101,0,0
C709439274,0,0
C1482166692,0,0
C1091781053,0,0
C1409342262,0,0
C762509150,0,0
C1520491508,0,0
C380616082,0,0
C2145420209,0,0
C600017090,0,0
C259077766,0,0
C1263391254,0,0
C1554086576,0,0
C273777019,0,0
C1644864746,0,0
C829737737,0,0
C2061226112,0,0
C1443173326,0,0
C939254952,0,0
C2100771791,0,0
C98412281,0,0
C1420810053,0,0
C268379633,0,0
C201392112,0,0
C641664202,0,0
C748975217,0,0
C1510087865,0,0
C1366722422,0,0
C254918854,0,0
C12139181,0,0
C1251219927,0,0
C792488644,0,0
C780843029,0,0
C1739555643,0,0
C220165304,0,0
C1094272405,0,0
C973604791,0,0
C564526486,0,0
C1466558382,0,0
C1551303995,0,0
C649630909,0,0
C679449777,0,0
C817054343,0,0
C913746983,0,0
C1660451908,0,0
C1224064486,0,0
C1363800072,0,0
C1886567481,0,0
C361571676,0,0
C749100260,0,0
C846274760,0,0
C1460126155,0,0
C727497138,0,0
C889422145,0,0
C248483913,0,0
C1731137986,0,0
C695248316,0,0
C5255258,0,0
C1928312257,0,0
C1834031967,0,0
C1089680530,0,0
C718512571,0,0
C843867341,0,0
C324507700,0,0
C616443292,0,0
C1540832538,0,0
C183259297,0,0
C626393072,0,0
C1892869131,0,0
C302987494,0,0
C1882116496,0,0
C2081964843,0,0
C1893899796,0,0
C94682872,0,0
C608817143,0,0
C1658487789,0,0
C1568949719,0,0
C936906727,0,0
C944752500,0,0
C1911138454,0,0
C1082865087,0,0
C364704856,0,0
C1137078855,0,0
C1919125229,0,0
C347808407,0,0
C1773008684,0,0
C437630857,0,0
C1365575811,0,0
C1817154869,0,0
C1540476618,0,0
C818093527,0,0
C1234905692,0,0
C1500379239,0,0
C203409950,0,0
C605705199,0,0
C876823802,0,0
C47918293,0,0
C1894144426,0,0
C102103410,0,0
C677317086,0,0
C1933129092,0,0
C827328832,0,0
C405252209,0,0
C1223050066,0,0
C1917442783,0,0
C1130551263,0,0
C1713605602,0,0
C472234151,0,0
C537265886,0,0
C1963974958,0,0
C260638966,0,0
C1045985568,0,0
C788048067,0,0
C619985571,0,0
C1677543539,0,0
C504478805,0,0
C1967432164,0,0
C1893772493,0,0
C2035801202,0,0
C1790387225,0,0
C984412970,0,0
C1340057206,0,0
C137123763,0,0
C1541942595,0,0
C100708535,0,0
C878598679,0,0
C1587872480,0,0
C1144897090,0,0
C1195064186,0,0
C24334184,0,0
C2008547236,0,0
C1590792382,0,0
C1076855029,0,0
C1539088279,0,0
C322830747,0,0
C1094199074,0,0
C2108440536,0,0
C1112758237,0,0
C553821397,0,0
C553879264,0,0
C1028472807,0,0
C1710783020,0,0
C1365790282,0,0
C1826747905,0,0
C948395645,0,0
C512256603,0,0
C226586078,0,0
C1848886161,0,0
C1816468636,0,0
C834824701,0,0
C925568390,0,0
C1198817209,0,0
C51460663,0,0
C557725225,0,0
C1318475957,0,0
C712732521,0,0
C540092563,0,0
C1894698434,0,0
C205615258,0,0
C2108708444,0,0
C1424788681,0,0
C1428726828,0,0
C443502884,0,0
C247644034,0,0
C1824570614,0,0
C854989361,0,0
C1720865719,0,0
C1369468094,0,0
C1235635586,0,0
C1725054538,0,0
C1302141801,0,0
C622820646,0,0
C1389432760,0,0
C535352603,0,0
C577245010,0,0
C1624788833,0,0
C843959601,0,0
C1346197173,0,0
C1924966548,0,0
C533173186,0,0
C848958019,0,0
C758465579,0,0
C1167327028,0,0
C936628786,0,0
C1478334108,0,0
C726051009,0,0
C701166114,0,0
C1481751887,0,0
C2094115865,0,0
C1017792343,0,0
C1774468680,0,0
C981487964,0,0
C478182173,0,0
C596333086,0,0
C456785282,0,0
C560465923,0,0
C210474732,0,0
C764358458,0,0
C539240764,0,0
C201804812,0,0
C1498016680,0,0
C1490985125,0,0
C707506411,0,0
C755328698,0,0
C1999135802,0,0
C85357160,0,0
C683718244,0,0
C452457802,0,0
C1857910993,0,0
C1130598644,0,0
C1760401098,0,0
C841537936,0,0
C1424439581,0,0
C626626764,0,0
C1372137902,0,0
C701681793,0,0
C1088744071,0,0
C1484275564,0,0
C981159997,0,0
C1657125852,0,0
C465909321,0,0
C1205419533,0,0
C1964926542,0,0
C369901249,0,0
C80756779,0,0
C1970779713,0,0
C827579900,0,0
C681747431,0,0
C280223635,0,0
C245530164,0,0
C866273692,0,0
C242408359,0,0
C3392189,0,0
C1009916891,0,0
C612716569,0,0
C1296928719,0,0
C1862674654,0,0
C507061061,0,0
C1290614253,0,0
C740467528,0,0
C1960253514,0,0
C1748097277,0,0
C1803890702,0,0
C1556061855,0,0
C1513029997,0,0
C986944742,0,0
C1616438581,0,0
C501951555,0,0
C1002041276,0,0
C724028528,0,0
C467313213,0,0
C1822630059,0,0
C1356236848,0,0
C1987354705,0,0
C61304908,0,0
C1733619456,0,0
C1637601612,0,0
C170106909,0,0
C1969347346,0,0
C615853374,0,0
C366916060,0,0
C1855734078,0,0
C1526062841,0,0
C920446957,0,0
C869290854,0,0
C1989332276,0,0
C851480926,0,0
C1895054149,0,0
C651235118,0,0
C2111247080,0,0
C36627152,0,0
C1048128739,0,0
C1404834600,0,0
C1008612116,0,0
C2028036437,0,0
C1420012431,0,0
C1780399359,0,0
C428245792,0,0
C1353759820,0,0
C331748029,0,0
C1802736936,0,0
C1105090408,0,0
C687501326,0,0
C235151116,0,0
C295055909,0,0
C300811000,0,0
C1638249646,0,0
C1533672820,0,0
C1132369181,0,0
C1671816300,0,0
C1240412896,0,0
C1809129176,0,0
C1370224403,0,0
C1296910502,0,0
C1069584108,0,0
C2063786038,0,0
C505968231,0,0
C1107404311,0,0
C465152579,0,0
C234223040,0,0
C1723278948,0,0
C1489831627,0,0
C1689458432,0,0
C195970976,0,0
C1957282992,0,0
C470132045,0,0
C1710191146,0,0
C558404860,0,0
C274100821,0,0
C474933596,0,0
C1520656618,0,0
C237484673,0,0
C1412656257,0,0
C904208473,0,0
C1237144823,0,0
C1998882269,0,0
C1511180072,0,0
C1851522556,0,0
C1031968647,0,0
C1371400311,0,0
C1227867806,0,0
C800493254,0,0
C987595204,0,0
C438123546,0,0
C22668134,0,0
C609389093,0,0
C397318359,0,0
C1495407511,0,0
C1791267914,0,0
C972843820,0,0
C1055104416,0,0
C130850024,0,0
C202064342,0,0
C738174829,0,0
C1830969563,0,0
C1237264838,0,0
C4181455,0,0
C1177101170,0,0
C1816397102,0,0
C1393198164,0,0
C1377160602,0,0
C823758059,0,0
C1965036946,0,0
C1999036805,0,0
C178603358,0,0
C1574573264,0,0
C1033880954,0,0
C3886839,0,0
C451959555,0,0
C1502079282,0,0
C1539038539,0,0
C623051334,0,0
C1250644519,0,0
C1769598893,0,0
C1517116047,0,0
C1248276879,0,0
C402207819,0,0
C1424497441,0,0
C953528583,0,0
C1156210828,0,0
C1158124724,0,0
C809860628,0,0
C1663738275,0,0
C995631377,0,0
C512238546,0,0
C1991290395,0,0
C1279469670,0,0
C1627781283,0,0
C2011342562,0,0
C429804587,0,0
C1691858720,0,0
C1538511917,0,0
C46259342,0,0
C1316001196,0,0
C699871906,0,0
C1365711624,0,0
C291651850,0,0
C1658785779,0,0
C1659435106,0,0
C1011481270,0,0
C1951500432,0,0
C1061018585,0,0
C1814908102,0,0
C1630841930,0,0
C1907467420,0,0
C930317866,0,0
C1486553742,0,0
C167693809,0,0
C990870941,0,0
C1552179791,0,0
C589309113,0,0
C708926121,0,0
C1406004470,0,0
C1655955258,0,0
C2115087165,0,0
C596779307,0,0
C1531175283,0,0
C1415545023,0,0
C586831282,0,0
C1298557761,0,0
C821342630,0,0
C1079190991,0,0
C2042884127,0,0
C889928215,0,0
C1721576219,0,0
C514453513,0,0
C1565713391,0,0
C1430207342,0,0
C1312843412,0,0
C1522119751,0,0
C1334618867,0,0
C364480205,0,0
C1103505488,0,0
C847606512,0,0
C401891515,0,0
C2099932844,0,0
C739210872,0,0
C1789282489,0,0
C1949126165,0,0
C143295000,0,0
C1097069005,0,0
C65438140,0,0
C37400149,0,0
C1745608181,0,0
C763610533,0,0
C2114270481,0,0
C1405055124,0,0
C653337757,0,0
C10915321,0,0
C131037934,0,0
C454440929,0,0
C1685134322,0,0
C1008608255,0,0
C1613332278,0,0
C1455177644,0,0
C732189840,0,0
C8996952,0,0
C1937693946,0,0
C1053744929,0,0
C1959758632,0,0
C918899286,0,0
C861522296,0,0
C2074492901,0,0
C1933077874,0,0
C1865617081,0,0
C308021294,0,0
C1756160273,0,0
C1844579038,0,0
C1074844820,0,0
C1229184766,0,0
C404586280,0,0
C800497654,0,0
C2135790485,0,0
C877363600,0,0
C2042979183,0,0
C1904609259,0,0
C1971283804,0,0
C1735330400,0,0
C1398508580,0,0
C1438000681,0,0
C98974893,0,0
C54134077,0,0
C546446235,0,0
C1537689020,0,0
C1437983537,0,0
C23053378,0,0
C1164622694,0,0
C2107706203,0,0
C564086167,0,0
C773238925,0,0
C7395550,0,0
C1499418021,0,0
C1082528716,0,0
C298724898,0,0
C332244937,0,0
C989440614,0,0
C1997625595,0,0
C152848959,0,0
C1657842786,0,0
C1747371038,0,0
C1691629865,0,0
C1132379993,0,0
C1103666479,0,0
C761863997,0,0
C467401150,0,0
C497479191,0,0
C1015122628,0,0
C1533662221,0,0
C368153528,0,0
C810196347,0,0
C1921553024,0,0
C78265654,0,0
C47268007,0,0
C715289224,0,0
C2011695710,0,0
C495857386,0,0
C2124731287,0,0
C624693846,0,0
C1346354118,0,0
C278879704,0,0
C1244815033,0,0
C1475759966,0,0
C423711439,0,0
C741390111,0,0
C247795540,0,0
C584501954,0,0
C374646930,0,0
C828610686,0,0
C1596144422,0,0
C1157199772,0,0
C99132505,0,0
C1285463992,0,0
C1075082007,0,0
C424944647,0,0
C209360767,0,0
C1837533591,0,0
C1956746660,0,0
C799260198,0,0
C989033734,0,0
C2081269248,0,0
C565079667,0,0
C357653585,0,0
C1688770224,0,0
C296234255,0,0
C450589816,0,0
C988179589,0,0
C378814088,0,0
C1174714624,0,0
C121466124,0,0
C238467882,0,0
C962700314,0,0
C1515116175,0,0
C913806791,0,0
C220432328,0,0
C961983234,0,0
C352378889,0,0
C533956291,0,0
C249515830,0,0
C43856716,0,0
C269458366,0,0
C334099170,0,0
C1731967318,0,0
C215478702,0,0
C1625901537,0,0
C1011599868,0,0
C109065770,0,0
C896134613,0,0
C526720216,0,0
C2097361633,0,0
C2050320909,0,0
C13117403,0,0
C930900166,0,0
C1401737458,0,0
C37268876,0,0
C1125098735,0,0
C392289808,0,0
C585074510,0,0
C1699486292,0,0
C1541075662,0,0
C1121072891,0,0
C435297131,0,0
C355649049,0,0
C324579982,0,0
C435803541,0,0
C2112135199,0,0
C2005706991,0,0
C546217718,0,0
C639467920,0,0
C1625939772,0,0
C151515831,0,0
C1400582895,0,0
C1264701638,0,0
C1870749311,0,0
C810262298,0,0
C1969856053,0,0
C276714561,0,0
C641030345,0,0
C2108318195,0,0
C1647402786,0,0
C1458748394,0,0
C2029645118,0,0
C185164978,0,0
C2134915053,0,0
C619241052,0,0
C1677984391,0,0
C1871312485,0,0
C1227224309,0,0
C977522995,0,0
C1596653154,0,0
C211199210,0,0
C678962690,0,0
C1745903324,0,0
C1360533184,0,0
C951677655,0,0
C959834536,0,0
C1532409428,0,0
C1396851684,0,0
C1191874608,0,0
C1725266971,0,0
C223975178,0,0
C1404669942,0,0
C2144334265,0,0
C1991094835,0,0
C906448455,0,0
C910504711,0,0
C2110558717,0,0
C1726715997,0,0
C1787987889,0,0
C1968196847,0,0
C1821010113,0,0
C1444494461,0,0
C684230144,0,0
C1602785474,0,0
C1618683794,0,0
C2141066548,0,0
C327840833,0,0
C136312946,0,0
C828447060,0,0
C1046056441,0,0
C2117193231,0,0
C161113555,0,0
C1120670624,0,0
C1746117425,0,0
C967531000,0,0
C286658790,0,0
C701724503,0,0
C634156144,0,0
C2041996211,0,0
C1562950869,0,0
C845388562,0,0
C948424584,0,0
C2027701910,0,0
C1448277333,0,0
C1340086277,0,0
C2034975583,0,0
C2006842965,0,0
C289711450,0,0
C648358364,0,0
C310792845,0,0
C866529530,0,0
C2002097394,0,0
C1466413743,0,0
C2065886345,0,0
C2030121719,0,0
C573102881,0,0
C1219553025,0,0
C605686842,0,0
C1417413828,0,0
C820587705,0,0
C2142129482,0,0
C195163481,0,0
C1062181581,0,0
C1186657657,0,0
C1333529571,0,0
C489047267,0,0
C1613514326,0,0
C1884422865,0,0
C1011104118,0,0
C1046009438,0,0
C62739928,0,0
C1671007220,0,0
C2114687352,0,0
C102318785,0,0
C1868809295,0,0
C1082795132,0,0
C1655242052,0,0
C778806426,0,0
C1599823012,0,0
C1323514615,0,0
C1795468466,0,0
C406358588,0,0
C486759395,0,0
C1247866422,0,0
C80722676,0,0
C1492822331,0,0
C1596009860,0,0
C310212872,0,0
C1805412777,0,0
C1713546896,0,0
C817490653,0,0
C1232433403,0,0
C1093441885,0,0
C843686350,0,0
C1306085976,0,0
C793319856,0,0
C176851829,0,0
C1974606907,0,0
C1925059423,0,0
C358420513,0,0
C1272115420,0,0
C778337881,0,0
C742568993,0,0
C1373861264,0,0
C233519968,0,0
C967460257,0,0
C1940912369,0,0
C669700766,1,0
C1275464847,1,0
C1080167822,0,0
C1236303587,0,0
C1710228600,0,0
C1856589162,0,0
C1300132917,0,0
C1853422837,0,0
C91220956,0,0
C8197402,0,0
C692838068,0,0
C528877978,0,0
C15910024,0,0
C2076829355,0,0
C1112075608,0,0
C1164241227,0,0
C1414744767,0,0
C1164394344,0,0
C665565246,0,0
C438228197,0,0
C476973576,0,0
C32496853,0,0
C2062667107,0,0
C1009218257,0,0
C1128158063,0,0
C262815725,0,0
C159917166,0,0
C1012552887,0,0
C1643299824,0,0
C1098568947,0,0
C795594631,0,0
C1492219097,0,0
C2026371507,0,0
C1871542036,0,0
C510368405,0,0
C1299145277,0,0
C178393154,0,0
C244577237,0,0
C1290698656,0,0
C2049348234,0,0
C1612496268,0,0
C1904273153,0,0
C13692003,1,0
C94748968,0,0
C1497558532,0,0
C1970377948,0,0
C351970188,0,0
C115086468,0,0
C800456240,0,0
C594916129,0,0
C1533972343,0,0
C1329897103,0,0
C1848163207,0,0
C1923810797,0,0
C205278236,0,0
C1031586763,0,0
C1835841364,0,0
C809822663,0,0
C1225353990,0,0
C1560670039,0,0
C602858680,0,0
C1519911160,0,0
C1075996552,0,0
C1532800776,0,0
C1887466020,0,0
C1074630954,0,0
C2056566350,0,0
C306674056,0,0
C1943444495,0,0
C486662053,0,0
C222300483,0,0
C838800272,0,0
C2015007762,0,0
C333879495,0,0
C183304529,0,0
C521331027,0,0
C1511004956,0,0
C559998250,0,0
C703627308,0,0
C1626529981,0,0
C1184694332,0,0
C1799424291,0,0
C540923243,0,0
C1835316563,0,0
C490630452,0,0
C648630181,0,0
C678680178,0,0
C1002911155,0,0
C1124317168,0,0
C2006835220,0,0
C1547817015,0,0
C1590129041,0,0
C340789130,0,0
C208184824,0,0
C1774589469,0,0
C773296871,0,0
C1052127672,0,0
C1811880447,0,0
C1314228008,0,0
C1299126654,0,0
C1692523793,0,0
C1771687225,0,0
C2128195220,0,0
C1095203437,0,0
C824357143,0,0
C698498109,0,0
C1877240674,0,0
C1642356615,0,0
C812168041,0,0
C1418851979,0,0
C1936375962,0,0
C116184677,0,0
C1161382705,0,0
C516413619,0,0
C990684641,0,0
C1538462491,0,0
C1423752095,0,0
C1962865655,0,0
C704869156,0,0
C1777043124,0,0
C1482344533,0,0
C1538849250,0,0
C1788034018,0,0
C1601756706,0,0
C1366212088,0,0
C1300576734,0,0
C657069980,0,0
C1730182538,0,0
C2083154356,0,0
C10885570,0,0
C1687087217,0,0
C403960809,0,0
C991242536,0,0
C1366499339,0,0
C931911789,0,0
C1773336805,0,0
C168870325,0,0
C440472115,0,0
C2082678778,0,0
C1598434875,0,0
C1476812556,0,0
C1482429406,0,0
C1919576980,0,0
C1378559537,0,0
C518167684,0,0
C1997704619,0,0
C1775120226,0,0
C211649273,0,0
C419280591,0,0
C1622863652,0,0
C1932244589,0,0
C1173504361,0,0
C1147394515,0,0
C1402333753,0,0
C1340086275,0,0
C1869177530,0,0
C168468389,0,0
C359806817,0,0
C1503614751,0,0
C66845334,0,0
C1181567472,0,0
C763236610,0,0
C719182854,0,0
C1832284192,0,0
C918307166,0,0
C1786040872,0,0
C1785807415,0,0
C1924802798,0,0
C1320869181,0,0
C1226298219,0,0
C755759908,0,0
C2068100669,0,0
C1248435962,0,0
C944348744,0,0
C397309480,0,0
C1702478809,0,0
C45643137,0,0
C1123166613,0,0
C678115778,0,0
C123674777,0,0
C471004142,0,0
C689448569,0,0
C1555793073,0,0
C1787083818,0,0
C1360878852,0,0
C654740048,0,0
C1395173825,0,0
C1534655921,0,0
C291847739,0,0
C463215441,0,0
C385784873,0,0
C1160106451,0,0
C518692141,0,0
C198374825,0,0
C125865913,0,0
C2000410491,0,0
C1800932232,0,0
C1852821063,0,0
C1827212229,0,0
C442205321,0,0
C1871678080,0,0
C1921012072,0,0
C670153696,0,0
C2082545616,0,0
C763677574,0,0
C92864491,0,0
C196025267,0,0
C635001030,0,0
C1149388444,0,0
C886004375,0,0
C232726781,0,0
C1767532961,0,0
C1060549703,0,0
C1592712032,0,0
C1073878937,0,0
C858727880,0,0
C1272753974,0,0
C731610911,0,0
C138933223,0,0
C425275537,0,0
C1792473683,0,0
C99042020,0,0
C1241758568,0,0
C1908999587,0,0
C1738561265,0,0
C611739613,0,0
C184244257,0,0
C1545666472,0,0
C797416363,0,0
C1186989416,0,0
C1166361824,0,0
C761680655,0,0
C1928174253,0,0
C1500588149,0,0
C1502882632,0,0
C409596180,0,0
C1217089772,0,0
C1620112330,0,0
C632841653,0,0
C261838162,0,0
C1752365512,0,0
C199150625,0,0
C1580874189,0,0
C569976699,0,0
C1566099239,0,0
C973692608,0,0
C1423586012,0,0
C1844942991,0,0
C586917260,0,0
C803768841,0,0
C1723848804,0,0
C570422884,0,0
C509806761,0,0
C1859928417,0,0
C1378280450,0,0
C339788561,0,0
C2017380745,0,0
C501036152,0,0
C261567641,0,0
C1295225869,0,0
C1137667747,0,0
C935722070,0,0
C29369803,0,0
C1350720002,0,0
C1753259207,0,0
C1883237069,0,0
C1884387196,0,0
C843149630,0,0
C1590404373,0,0
C1361921411,0,0
C716972621,0,0
C332234405,0,0
C271422148,0,0
C731368479,0,0
C1618099562,0,0
C405950359,0,0
C1693799911,0,0
C1897368146,0,0
C16736375,0,0
C180078856,0,0
C1152380885,0,0
C161982472,0,0
C1914740115,0,0
C646445398,0,0
C502102804,0,0
C700348233,0,0
C1602530280,0,0
C1179689991,0,0
C806572546,0,0
C1783463798,0,0
C283923004,0,0
C1407167674,0,0
C2037806977,0,0
C2017530134,0,0
C181326224,0,0
C609879567,0,0
C1859823482,0,0
C509858326,0,0
C1658704411,0,0
C381930033,0,0
C756637412,0,0
C761973299,0,0
C564893839,0,0
C691096777,0,0
C1312348533,0,0
C905488851,0,0
C1223303171,0,0
C1797159635,0,0
C1676010932,0,0
C329481770,0,0
C173059685,0,0
C310412574,0,0
C1585711807,0,0
C1457417579,0,0
C1500697171,0,0
C1338770454,0,0
C836972194,0,0
C343128256,0,0
C1532756055,0,0
C1956598686,0,0
C1554118033,0,0
C1428022141,0,0
C1618326227,0,0
C160945458,0,0
C1788256184,0,0
C128028301,0,0
C807986446,0,0
C190153364,0,0
C2004628751,0,0
C5021240,0,0
C1272744797,0,0
C1003307628,0,0
C1919555524,0,0
C1573125303,0,0
C206310209,0,0
C1416097444,0,0
C2054787417,0,0
C1878225987,0,0
C1393112209,0,0
C1991386317,0,0
C2012095985,0,0
C1842952737,0,0
C1471800355,0,0
C810169941,0,0
C915233792,0,0
C312565954,0,0
C1798861270,0,0
C783785150,0,0
C70788844,0,0
C1801704517,0,0
C817018735,0,0
C602830277,0,0
C296204898,0,0
C809520570,0,0
C1275626728,0,0
C589016913,0,0
C1938259481,0,0
C96453207,0,0
C877804870,0,0
C65551384,0,0
C2017393480,0,0
C1562595588,0,0
C205810452,0,0
C1145302895,0,0
C1366629983,0,0
C722160979,0,0
C1885927370,0,0
C945064729,0,0
C1101721002,0,0
C123418227,0,0
C219812012,0,0
C1875520143,0,0
C838627755,0,0
C754707140,0,0
C1081633119,0,0
C2040623756,0,0
C176097974,0,0
C1106468732,0,0
C1120072844,0,0
C805690186,0,0
C1113414982,0,0
C428798670,0,0
C1287455719,0,0
C1392271025,0,0
C2053349061,0,0
C336927685,0,0
C806588571,0,0
C2771454,0,0
C1717136008,0,0
C1521389237,0,0
C1989495347,0,0
C614635686,0,0
C159562640,0,0
C670517043,0,0
C2079278380,0,0
C1270383967,0,0
C1476061571,0,0
C1244263056,0,0
C1273895132,0,0
C1153802607,0,0
C1098737173,0,0
C2054077982,0,0
C556945462,0,0
C1217741734,0,0
C1651689839,0,0
C1843594609,0,0
C1591954203,0,0
C1015659282,0,0
C1220813917,0,0
C1039759545,0,0
C2030458766,0,0
C145105559,0,0
C1638471954,0,0
C392403246,0,0
C1553077867,0,0
C1704535540,0,0
C1288815068,0,0
C1206946689,0,0
C194903130,0,0
C663215704,0,0
C1704600661,0,0
C645208036,0,0
C1114525788,0,0
C1526866775,0,0
C1871580398,0,0
C1632300236,0,0
C1360440329,0,0
C78816013,0,0
C1455064947,0,0
C2110785285,0,0
C219638321,0,0
C1199833406,0,0
C1872047468,1,0
C1499825229,1,0
C1833592262,0,0
C1285072597,0,0
C959055079,0,0
C234857227,0,0
C1832657711,0,0
C466577384,0,0
C1399398408,0,0
C465233746,0,0
C1559788797,0,0
C978035840,0,0
C943165647,0,0
C320850799,0,0
C142103421,0,0
C704387627,0,0
C128077491,0,0
C634638280,0,0
C628164202,0,0
C1340634558,0,0
C1251247808,0,0
C1089341986,0,0
C361903111,0,0
C1465126864,0,0
C1489946715,0,0
C356691811,0,0
C552416003,0,0
C979532928,0,0
C1235908203,0,0
C1694519286,0,0
C1445758842,0,0
C10001825,0,0
C835426017,0,0
C1677921169,0,0
C540206885,0,0
C1294139740,0,0
C943659381,0,0
C1939869193,0,0
C652007616,0,0
C1145391264,0,0
C2000421523,0,0
C995531141,0,0
C767393855,0,0
C836621476,0,0
C1529002352,0,0
C584157293,0,0
C2113273959,0,0
C1386020581,0,0
C2090894907,0,0
C1955587357,0,0
C1095849663,0,0
C960004592,0,0
C1257532915,0,0
C183995527,0,0
C2098830440,0,0
C902654164,0,0
C829053325,0,0
C1805845895,0,0
C1446238973,0,0
C783141366,0,0
C1638864144,0,0
C2005762793,0,0
C1502616653,0,0
C227381657,0,0
C1613424566,0,0
C1907178890,0,0
C1880052106,0,0
C333085360,0,0
C638580151,0,0
C2011912080,0,0
C832322085,0,0
C250702170,0,0
C136011184,0,0
C1899609393,0,0
C1262477422,0,0
C1041735841,0,0
C2030707995,0,0
C353296011,0,0
C371156515,0,0
C1735962278,0,0
C1763872389,0,0
C1481853275,0,0
C794940817,0,0
C1903406683,0,0
C1403649277,0,0
C569661948,0,0
C1293495023,0,0
C138708980,0,0
C263588219,0,0
C771642661,0,0
C1788582153,0,0
C1440332016,0,0
C1137935956,0,0
C1831875736,0,0
C874111547,0,0
C1896712674,0,0
C1338065644,0,0
C884111637,0,0
C462911221,0,0
C2044272973,0,0
C500660587,0,0
C1463823265,0,0
C1881868027,0,0
C1548962651,0,0
C60187547,0,0
C1649884294,0,0
C337813415,0,0
C716206126,0,0
C284268103,0,0
C959897458,0,0
C244190700,0,0
C1979325411,0,0
C69670055,0,0
C426052262,0,0
C1021656938,0,0
C1055300312,0,0
C443348849,0,0
C1507293264,0,0
C1619369818,0,0
C2144912729,0,0
C150079886,0,0
C1437107223,0,0
C9054826,0,0
C1714539364,0,0
C1209962934,0,0
C336400944,0,0
C1097380,0,0
C2082353865,0,0
C1037572328,0,0
C1102181662,0,0
C1203142603,0,0
C1707634104,0,0
C180489140,0,0
C2091439256,0,0
C1803714790,0,0
C1428527783,0,0
C1715602761,0,0
C1825923873,0,0
C1118998513,0,0
C1905114489,0,0
C1988664928,0,0
C1886381510,0,0
C1446511153,0,0
C1693580552,0,0
C674233333,0,0
C1440939580,0,0
C1172417096,0,0
C780172372,0,0
C606740638,0,0
C730584984,0,0
C969115094,0,0
C1764622989,0,0
C1138845999,0,0
C1048332309,0,0
C204844842,0,0
C406180845,0,0
C1713453581,0,0
C178575564,0,0
C1018742990,0,0
C534643569,0,0
C1891673045,0,0
C1552836537,0,0
C638204510,0,0
C1226858597,0,0
C1007402143,0,0
C1681434622,0,0
C1331654213,0,0
C1081635795,0,0
C1410514922,0,0
C1195615010,0,0
C941453849,0,0
C335466988,0,0
C848961421,0,0
C173431997,0,0
C1875025322,0,0
C1298330822,0,0
C1969875555,0,0
C247269033,0,0
C1289454852,0,0
C1994085390,0,0
C271944754,0,0
C974606690,0,0
C707281900,0,0
C541248718,0,0
C551421413,0,0
C918606013,0,0
C1579139754,0,0
C1754087707,0,0
C942444738,0,0
C140110402,0,0
C678654833,0,0
C720661245,0,0
C1979860449,0,0
C835631769,0,0
C197107207,0,0
C1878454236,0,0
C82517097,0,0
C721648892,0,0
C1150436743,0,0
C1960031800,0,0
C1149747394,0,0
C309271464,0,0
C973604748,0,0
C1401095299,0,0
C704143329,0,0
C1134601005,0,0
C963573938,0,0
C1921143808,0,0
C435034854,0,0
C1594981181,0,0
C292856581,0,0
C1907808127,0,0
C409393797,0,0
C1291485735,0,0
C2015521846,0,0
C1063801186,0,0
C301205240,0,0
C159860059,0,0
C1647303553,0,0
C523331047,0,0
C784556863,0,0
C492656161,0,0
C20084184,0,0
C364389956,0,0
C1464652578,0,0
C295466076,0,0
C991875403,0,0
C466056887,0,0
C168776700,0,0
C501991708,0,0
C404648659,0,0
C757541645,0,0
C1547994163,0,0
C459030111,0,0
C1802073627,0,0
C639769517,0,0
C905329146,0,0
C1818440653,0,0
C131709548,0,0
C2111181256,0,0
C386040589,0,0
C663119869,0,0
C1800592689,0,0
C235154585,0,0
C1119277260,0,0
C1062163248,0,0
C1963980755,0,0
C639690519,0,0
C1983283775,0,0
C724886412,0,0
C2144496344,0,0
C347136295,0,0
C276970866,0,0
C1183701566,0,0
C1422883946,0,0
C1349872758,0,0
C388623360,0,0
C480118726,0,0
C722513129,0,0
C1377212248,0,0
C1167792250,0,0
C1799521220,0,0
C1668004795,0,0
C17680342,0,0
C1903051549,0,0
C2121551683,0,0
C296223788,0,0
C1765350920,0,0
C904612411,0,0
C1753542873,0,0
C649681675,0,0
C271614685,0,0
C975354582,0,0
C1694408103,0,0
C1595354442,0,0
C2011982397,0,0
C1910098693,0,0
C57407566,0,0
C632627844,0,0
C2016142571,0,0
C947462790,0,0
C886343183,0,0
C1716855490,0,0
C1107201631,0,0
C811792884,0,0
C538375433,0,0
C1864007931,0,0
C1512273713,0,0
C2099878104,0,0
C1778422985,0,0
C1369885738,0,0
C285058000,0,0
C555943503,0,0
C1332439166,0,0
C684407333,0,0
C1431699407,0,0
C1828559444,0,0
C162144258,0,0
C1943275118,0,0
C1513071903,0,0
C1905548224,0,0
C1240328647,0,0
C1858976440,0,0
C435626542,0,0
C1013528106,0,0
C72615125,0,0
C1555965524,0,0
C1231696346,0,0
C1367612102,0,0
C1130258687,0,0
C1727026317,0,0
C512140711,0,0
C1948224958,0,0
C170778406,0,0
C1840217399,0,0
C1192603187,0,0
C531373404,0,0
C277497558,0,0
C392760852,0,0
C707719282,0,0
C788592721,0,0
C527939020,0,0
C1972772630,0,0
C773300030,0,0
C1397516135,0,0
C698437724,0,0
C839552703,0,0
C1152487396,0,0
C1295820487,0,0
C585496942,0,0
C1821580597,0,0
C1225927567,0,0
C1071933072,0,0
C1273675500,0,0
C1529010337,0,0
C1508720236,0,0
C830381116,0,0
C832828638,0,0
C768795248,0,0
C1100288091,0,0
C1207953777,0,0
C351965871,0,0
C865744496,0,0
C1825903149,0,0
C746228466,0,0
C281049997,0,0
C1913386579,0,0
C906741317,0,0
C1323235180,0,0
C1565647145,0,0
C1891974590,0,0
C412410893,0,0
C566760932,0,0
C1933762653,0,0
C707992390,0,0
C356005505,0,0
C1950246647,0,0
C278536229,0,0
C574746715,0,0
C1981372076,0,0
C1905758022,0,0
C810353241,0,0
C488898339,0,0
C557016605,0,0
C1821581506,0,0
C873769155,0,0
C919376773,0,0
C217389263,0,0
C2031467683,0,0
C1758876146,0,0
C987015126,0,0
C507765539,0,0
C1248310508,0,0
C275002771,0,0
C261216862,0,0
C248146548,0,0
C2046652309,0,0
C1216611732,0,0
C1237743088,0,0
C344080246,0,0
C110197684,0,0
C1859216983,0,0
C339933064,0,0
C289281017,0,0
C478123697,0,0
C2038020279,0,0
C2047147687,0,0
C465869765,0,0
C2070830098,0,0
C1332150216,0,0
C306889029,0,0
C770669178,0,0
C619199769,0,0
C1544031987,0,0
C411876574,0,0
C1323706655,0,0
C721671471,0,0
C937437482,0,0
C1257703748,0,0
C891715540,0,0
C3768050,0,0
C916897446,0,0
C1156135967,0,0
C1110913929,0,0
C174245837,0,0
C2083969860,0,0
C2030294088,0,0
C70165127,0,0
C520830206,0,0
C1705281026,0,0
C862062296,0,0
C521270862,0,0
C140040372,0,0
C1630413241,0,0
C2130520253,0,0
C1998103567,0,0
C646204091,0,0
C680306160,0,0
C1153256202,0,0
C560858993,0,0
C265052195,0,0
C1741007954,0,0
C730575236,0,0
C231182885,0,0
C1176001051,0,0
C1361609751,0,0
C503879157,0,0
C265939934,0,0
C1323676377,0,0
C843005078,0,0
C79092014,0,0
C2023349777,0,0
C465621833,0,0
C1385352906,0,0
C245298614,0,0
C1091597918,0,0
C1659452474,0,0
C634991000,0,0
C261429887,0,0
C1282899579,0,0
C1594065480,0,0
C2028088629,0,0
C780802740,0,0
C1509506488,0,0
C447477005,0,0
C1942612200,0,0
C233309087,0,0
C502066023,0,0
C1479177802,0,0
C1687702287,0,0
C690051320,0,0
C1407986024,0,0
C1493142905,0,0
C2115597658,0,0
C1566311673,0,0
C1867108691,0,0
C1266224518,0,0
C2122252822,0,0
C1127856876,0,0
C1658534033,0,0
C1640832113,0,0
C1730465260,0,0
C1766122814,0,0
C1390430007,0,0
C1539827598,0,0
C441260727,0,0
C1416520149,0,0
C73878928,0,0
C1618489605,0,0
C311559967,0,0
C903195729,0,0
C190868662,0,0
C707892422,0,0
C672777312,0,0
C808862230,0,0
C951819642,0,0
C512407823,0,0
C2027308154,0,0
C2054332292,0,0
C507944445,0,0
C1431244283,0,0
C527464124,0,0
C1905280105,0,0
C1536399059,0,0
C1981708431,0,0
C1783047526,0,0
C419923787,0,0
C1583722422,0,0
C1530560245,0,0
C142941409,0,0
C765329253,0,0
C1593245055,0,0
C1446243714,0,0
C1987154353,0,0
C886386381,0,0
C1562452013,0,0
C347572726,0,0
C1930401429,0,0
C662433937,0,0
C1778994610,0,0
C1706939736,0,0
C498748934,0,0
C1273689789,0,0
C1798194863,0,0
C792195577,0,0
C863286716,0,0
C1484397819,0,0
C1578959831,0,0
C1078448857,0,0
C342740966,0,0
C1551350415,0,0
C6688524,0,0
C455036946,0,0
C1249070084,0,0
C639542871,0,0
C901852282,0,0
C623446986,0,0
C1254649194,0,0
C1032867484,0,0
C401792389,0,0
C553846997,0,0
C599316979,0,0
C1179244298,0,0
C953253248,0,0
C1860060918,0,0
C1713847712,0,0
C556263022,0,0
C240959474,0,0
C1338229093,0,0
C2070438137,0,0
C1626800713,0,0
C640161448,0,0
C520082748,0,0
C110233108,0,0
C1617550648,0,0
C1434932926,0,0
C1830669823,0,0
C2146654783,0,0
C623757508,0,0
C641980258,0,0
C790851040,0,0
C1987707214,0,0
C963165280,0,0
C2259527,0,0
C1974356511,0,0
C1881309779,0,0
C566042862,0,0
C1108367077,0,0
C1622912252,0,0
C626961003,0,0
C1198515856,0,0
C1424188812,0,0
C1012776440,0,0
C892093608,0,0
C2058127492,0,0
C1535454025,0,0
C304966690,0,0
C794476802,0,0
C143999341,0,0
C135003590,0,0
C1281361915,0,0
C1770125555,0,0
C783172425,0,0
C1755634886,0,0
C939829672,0,0
C1601800698,0,0
C1184248953,0,0
C1842463725,0,0
C1441014857,0,0
C1845137754,0,0
C213383793,0,0
C79094208,0,0
C1699511597,0,0
C356519935,0,0
C416878771,0,0
C1650299186,0,0
C662409124,0,0
C1644987969,0,0
C1415624532,0,0
C203924386,0,0
C1260390769,0,0
C1758962399,0,0
C318555935,0,0
C65894433,0,0
C1326413897,0,0
C1054913783,0,0
C2042120257,0,0
C1015539383,0,0
C125549276,0,0
C2095793272,0,0
C2145040140,0,0
C1241182310,0,0
C1872012709,0,0
C1163664780,0,0
C172299409,0,0
C337816703,0,0
C1582406355,0,0
C2076462312,0,0
C1493642909,0,0
C1481056406,0,0
C177389135,0,0
C1407713529,0,0
C863748063,0,0
C1389984438,0,0
C1302779492,0,0
C1583020257,0,0
C816918962,0,0
C690287064,0,0
C1380583278,0,0
C1532915766,0,0
C1658578510,0,0
C1828676092,0,0
C1846307450,0,0
C1182492749,0,0
C2075074394,0,0
C1825071442,0,0
C1629133067,0,0
C2092870757,0,0
C2145921383,0,0
C1350894905,0,0
C1709317347,0,0
C1815501246,0,0
C1378612814,0,0
C721395199,0,0
C1594857799,0,0
C27971761,0,0
C205446988,0,0
C1526250321,0,0
C2040452328,0,0
C778484786,0,0
C1423491597,0,0
C1264966132,0,0
C1146318308,0,0
C1607458416,0,0
C1301653294,0,0
C685407505,0,0
C2008619427,0,0
C1445225850,0,0
C912790599,0,0
C1294058862,0,0
C1919592808,0,0
C118492650,0,0
C1898773347,0,0
C853887645,0,0
C358847552,0,0
C303805531,0,0
C83534488,0,0
C483635512,0,0
C354154358,0,0
C1517105378,0,0
C189970261,0,0
C168398198,0,0
C1088649990,0,0
C1933224408,0,0
C1842102517,0,0
C728236551,0,0
C1887991591,0,0
C1457157255,0,0
C848102479,0,0
C74735260,0,0
C791412502,0,0
C1977493952,0,0
C695085082,0,0
C1506648430,0,0
C316731851,0,0
C1242969461,0,0
C1798636297,0,0
C2127481101,0,0
C1517266286,0,0
C294649085,0,0
C1947683363,0,0
C230991505,0,0
C918730310,0,0
C1797112335,0,0
C1698746141,0,0
C197149397,0,0
C1417941371,0,0
C2130400175,0,0
C64989209,0,0
C1756039478,0,0
C1119371910,0,0
C1961667779,0,0
C87784678,0,0
C668152723,0,0
C1105958076,0,0
C159190022,0,0
C1135555866,0,0
C1928983164,0,0
C1982216126,0,0
C1983948209,0,0
C603183755,0,0
C623545006,0,0
C5563134,0,0
C18459190,0,0
C1778257620,0,0
C548093498,0,0
C1889457907,0,0
C271341439,0,0
C33238366,0,0
C1702089463,0,0
C404458571,0,0
C1131710157,0,0
C1368128912,0,0
C1457499015,0,0
C2142411945,0,0
C890060621,0,0
C414765427,0,0
C1156729376,0,0
C1177852821,0,0
C392795843,0,0
C1092382020,0,0
C378006273,0,0
C1955406455,0,0
C797539755,0,0
C224219987,0,0
C606826010,0,0
C967343730,0,0
C1562912969,0,0
C973615092,0,0
C1168956689,0,0
C1057841208,0,0
C1492358500,0,0
C793521364,0,0
C859604881,0,0
C585803886,0,0
C30173198,0,0
C1780298277,0,0
C84915002,0,0
C21331934,0,0
C1872034717,0,0
C1109966680,0,0
C549049813,0,0
C1623761043,0,0
C1154481189,0,0
C632206764,0,0
C13063602,0,0
C1003663195,0,0
C621432843,0,0
C1977189075,0,0
C1636824514,0,0
C797224183,0,0
C925672150,0,0
C955061147,0,0
C1488608048,0,0
C496751834,0,0
C246168102,0,0
C1406114969,0,0
C337777621,0,0
C640736196,0,0
C1511799988,0,0
C1449360639,0,0
C310014578,0,0
C1111173986,0,0
C1792109661,0,0
C1871778598,0,0
C1850680894,0,0
C794526288,0,0
C1598561139,0,0
C1093223281,1,0
C77163673,1,0
C462777594,0,0
C979822206,0,0
C1167522035,0,0
C18338606,0,0
C594586746,0,0
C1396801698,0,0
C558913557,0,0
C132461369,0,0
C1493104631,0,0
C317644782,0,0
C324158286,0,0
C1335520301,0,0
C728746911,0,0
C1977508673,0,0
C1947666055,0,0
C1760622380,0,0
C1033304734,0,0
C995381766,0,0
C2008762581,0,0
C404588697,0,0
C315998990,0,0
C193492784,0,0
C643328884,0,0
C1391818342,0,0
C1845760645,0,0
C645777794,0,0
C1134237170,0,0
C1962586186,0,0
C657252457,0,0
C472262461,0,0
C2052601222,0,0
C387201851,0,0
C734230775,0,0
C284660111,0,0
C1691678663,0,0
C1423978346,0,0
C401862395,0,0
C2022562847,0,0
C625971310,0,0
C737897289,0,0
C523528914,0,0
C2058569241,0,0
C909918801,0,0
C438263665,0,0
C1380085944,0,0
C709841971,0,0
C689213488,0,0
C951629504,0,0
C1753645864,0,0
C438493423,0,0
C999427036,0,0
C1929218620,0,0
C880282841,0,0
C2089578710,0,0
C1860118977,0,0
C1723177853,0,0
C1144499207,0,0
C1966787205,0,0
C778330045,0,0
C1464502754,0,0
C1037242711,0,0
C835070183,0,0
C843100836,0,0
C1480805145,0,0
C2101326063,0,0
C2109615807,0,0
C1255958078,0,0
C142993407,0,0
C146638536,0,0
C83532470,0,0
C759099777,0,0
C170082758,0,0
C1850477964,0,0
C1043535321,0,0
C1692092775,0,0
C2051562038,0,0
C1650327539,0,0
C513042872,0,0
C1462182153,0,0
C1686965869,0,0
C388444787,0,0
C159651486,0,0
C1835777333,0,0
C1967434886,0,0
C185939155,0,0
C1820594585,0,0
C1217434045,0,0
C1361931872,0,0
C501855493,0,0
C2064787513,0,0
C220689785,0,0
C932118570,0,0
C452817647,0,0
C751259764,0,0
C194672584,0,0
C1825811850,0,0
C1964514128,0,0
C761533964,0,0
C787156891,0,0
C373682836,0,0
C365211514,0,0
C1440057381,1,0
C430329518,1,0
C698977695,0,0
C1414431049,0,0
C446093644,0,0
C182584006,0,0
C1185575212,0,0
C1792711692,0,0
C1853633821,0,0
C1171178358,0,0
C697240075,0,0
C45703335,0,0
C934617920,0,0
C1715189999,0,0
C1625932709,0,0
C2119713755,0,0
C411748515,0,0
C178917238,0,0
C2055967078,0,0
C1254907391,0,0
C1894338251,0,0
C2118413714,0,0
C1475982439,0,0
C1152554134,0,0
C424106351,0,0
C258860422,0,0
C1596708569,0,0
C2089054322,0,0
C603483530,0,0
C2101086700,0,0
C294651011,0,0
C156127720,0,0
C1575407418,0,0
C1513757689,0,0
C1257526338,0,0
C393183035,0,0
C1483998054,0,0
C734275312,0,0
C1272257854,0,0
C79121205,0,0
C1829883631,0,0
C1927452108,0,0
C1872774414,0,0
C927369095,0,0
C1901018532,0,0
C525551643,0,0
C669501311,0,0
C1869652507,0,0
C780570776,0,0
C1565096593,0,0
C479160976,0,0
C643552582,0,0
C2114701475,0,0
C856047451,0,0
C892262157,0,0
C91831175,0,0
C1361409513,0,0
C1863980798,0,0
C594783641,0,0
C1234435772,0,0
C1979825302,0,0
C1218496682,0,0
C925024581,0,0
C43473566,0,0
C1465263219,0,0
C1112400678,0,0
C768669591,0,0
C1249890505,0,0
C848409667,0,0
C1406221524,0,0
C1208670252,0,0
C393549265,0,0
C1277882374,0,0
C2070372626,0,0
C1313459755,0,0
C325674467,0,0
C1405548909,0,0
C1130656047,0,0
C2140396878,0,0
C987255094,0,0
C317053574,0,0
C1697976702,0,0
C488422671,0,0
C989321301,0,0
C260620222,0,0
C1569371800,0,0
C1147545255,0,0
C1244211620,0,0
C2038185019,0,0
C1074976188,0,0
C1131786259,0,0
C83210381,0,0
C1015545330,0,0
C266554246,0,0
C1016625178,0,0
C1064528406,0,0
C1403780103,0,0
C747378368,0,0
C1204030294,0,0
C133544411,0,0
C923032392,0,0
C1252138909,0,0
C1678422332,0,0
C1141783782,0,0
C265629779,0,0
C1887115844,0,0
C1464031233,0,0
C86506638,0,0
C745604825,0,0
C140702728,1,0
C395257482,1,0
C871153004,0,0
C1127174687,0,0
C2074826904,0,0
C913148823,0,0
C125802780,0,0
C61334373,0,0
C312766685,0,0
C1432929903,0,0
C1064040618,0,0
C19423,0,0
C1286437308,0,0
C2057227460,0,0
C2017603323,0,0
C1759522611,0,0
C222882200,0,0
C361423492,0,0
C438660480,0,0
C1916139819,0,0
C1232948374,0,0
C1775488894,0,0
C428089645,0,0
C1319778140,0,0
C989171574,0,0
C832743930,0,0
C834153999,0,0
C1645557354,0,0
C920926249,0,0
C355222677,0,0
C1589745212,0,0
C2110472873,0,0
C1794705481,0,0
C486994287,0,0
C1336210565,0,0
C1759328722,0,0
C1246023616,0,0
C1625539182,0,0
C134943275,0,0
C161069393,0,0
C1708084589,0,0
C457245448,0,0
C1259065345,0,0
C261925632,0,0
C271002555,0,0
C57488372,0,0
C376660032,0,0
C2086477093,0,0
C1066856480,0,0
C854255346,0,0
C121245483,0,0
C1780306540,0,0
C1211827856,0,0
C1752220610,0,0
C263233676,0,0
C81705968,0,0
C1784551034,0,0
C107632469,0,0
C1835878412,0,0
C1519482659,0,0
C2037343019,0,0
C216919586,0,0
C1504912697,0,0
C1531409183,0,0
C1086508626,0,0
C1621615881,0,0
C773059332,0,0
C2020935882,0,0
C1025786379,0,0
C1651795723,0,0
C1406018450,0,0
C53301881,0,0
C470187021,0,0
C1561005241,0,0
C2138793529,0,0
C380394805,0,0
C962969081,0,0
C1007550632,0,0
C409007038,0,0
C1825656946,0,0
C2026873444,0,0
C873002645,0,0
C728370857,0,0
C1306429814,0,0
C1216863787,0,0
C994584048,0,0
C1085041526,0,0
C251666609,0,0
C1973281540,0,0
C693083472,0,0
C1037793103,0,0
C1886526482,0,0
C270313690,0,0
C1079733621,0,0
C495289088,0,0
C1842571958,0,0
C1628252344,0,0
C624545052,0,0
C1952473604,0,0
C13950734,0,0
C233300371,0,0
C904872862,0,0
C2077150966,0,0
C1174694918,0,0
C2062888647,0,0
C314622131,0,0
C164052991,0,0
C1909367224,0,0
C1704927850,0,0
C854367376,0,0
C716951769,0,0
C1564473433,0,0
C1181889508,0,0
C1613092752,0,0
C1573719263,0,0
C31956291,0,0
C27294710,0,0
C1899938605,0,0
C886510498,0,0
C143239336,0,0
C57638267,0,0
C1622066826,0,0
C631766751,0,0
C1667348377,0,0
C227644740,0,0
C2036949810,0,0
C266894813,0,0
C2083004088,0,0
C700356991,0,0
C871065432,0,0
C1250950517,0,0
C2141094945,0,0
C378227888,0,0
C900824070,0,0
C1163157114,0,0
C497333241,0,0
C1149993098,0,0
C1189187821,0,0
C548108014,0,0
C40910225,0,0
C537346910,0,0
C247309715,0,0
C1293251731,0,0
C926188689,0,0
C280291320,0,0
C1719746158,0,0
C974631651,0,0
C823056052,0,0
C1661728387,0,0
C1706027885,0,0
C1537227906,0,0
C2058424956,0,0
C1559783274,0,0
C891328061,0,0
C483669346,0,0
C1756587746,0,0
C280397810,0,0
C646148183,0,0
C160549854,0,0
C1164692340,0,0
C232042179,0,0
C1451708599,0,0
C379776337,0,0
C1474155611,0,0
C800218956,0,0
C233315297,0,0
C875456779,0,0
C2028767654,0,0
C1916269505,0,0
C2014777783,0,0
C1680479914,0,0
C692763171,0,0
C1564170442,0,0
C843410864,0,0
C1487067641,0,0
C486715174,0,0
C1306067302,0,0
C1523683407,0,0
C256084228,0,0
C1322623408,0,0
C825605925,0,0
C1092023914,0,0
C1167068004,0,0
C2046364218,0,0
C1739806152,0,0
C153048669,0,0
C1189303711,0,0
C840008200,0,0
C500985266,0,0
C49127538,0,0
C1097684722,0,0
C28318221,0,0
C86384329,0,0
C1692036285,0,0
C1204267493,0,0
C1322907569,0,0
C1474529475,0,0
C566039179,0,0
C2951941,0,0
C730949640,0,0
C174871747,0,0
C2029920330,0,0
C2050124277,0,0
C1552445522,0,0
C1083292099,0,0
C907080311,0,0
C1106933404,0,0
C1906565212,0,0
C722764585,0,0
C210278405,0,0
C2027549979,0,0
C1810748644,0,0
C1924563758,0,0
C1033850902,0,0
C947437179,0,0
C1082640380,0,0
C1291486201,0,0
C1280977839,0,0
C104826203,0,0
C1291832417,0,0
C966567431,0,0
C1992235960,0,0
C1985178707,0,0
C909914828,0,0
C1806640599,0,0
C5987161,0,0
C187150864,0,0
C871461513,0,0
C957608454,0,0
C993343057,0,0
C19400322,0,0
C1406763631,0,0
C1599728268,0,0
C1694102613,0,0
C1304939804,0,0
C2069584894,0,0
C123721308,0,0
C753705711,0,0
C994185757,0,0
C857245202,0,0
C1194587893,0,0
C1133288103,0,0
C1821335795,0,0
C1907758892,0,0
C1337289706,0,0
C1583082378,0,0
C529893402,0,0
C397416108,0,0
C1933493643,0,0
C1096742104,0,0
C1398479590,0,0
C1651251663,0,0
C1722102020,0,0
C1870812438,0,0
C1657512321,0,0
C457714879,0,0
C118887511,0,0
C1654228203,0,0
C1276991949,0,0
C696031899,0,0
C116155384,0,0
C1713520020,0,0
C734518153,0,0
C571251299,0,0
C1437977899,0,0
C1369854401,0,0
C1813531981,0,0
C361668462,0,0
C1421016152,0,0
C1824242116,0,0
C1677309282,0,0
C1411828534,0,0
C1709321711,0,0
C1260308116,0,0
C1026134931,0,0
C1597280379,0,0
C383392444,0,0
C475157807,0,0
C1573349881,0,0
C162919367,0,0
C1638796611,0,0
C679143692,0,0
C773535564,0,0
C1070523353,0,0
C164183318,0,0
C1980008362,0,0
C22179697,0,0
C1238013097,0,0
C162214155,0,0
C1530977859,0,0
C1241189309,0,0
C1418310135,0,0
C83554564,0,0
C1502971166,0,0
C1218632562,0,0
C1371397528,0,0
C35419258,0,0
C2010426450,0,0
C703824017,0,0
C371054890,0,0
C2009317431,0,0
C623330465,0,0
C283492252,0,0
C1758060579,0,0
C23218037,0,0
C593185976,0,0
C402578964,0,0
C1898629094,0,0
C141388791,0,0
C800990938,0,0
C1322341191,0,0
C179455108,0,0
C275448142,0,0
C2083951216,0,0
C1104243907,0,0
C776192909,0,0
C778234583,0,0
C999864329,0,0
C383403884,0,0
C802628402,0,0
C1374785073,0,0
C1626149608,0,0
C617142462,0,0
C1875718595,0,0
C89144801,0,0
C876600793,0,0
C796969849,0,0
C34419690,0,0
C1511259379,0,0
C621502043,0,0
C884868698,0,0
C235532726,0,0
C296954388,0,0
C473163048,0,0
C1406324738,0,0
C1478493964,0,0
C874548138,0,0
C1899433964,0,0
C1728554175,0,0
C1070057268,0,0
C252339901,0,0
C1175146719,0,0
C485701373,0,0
C487369776,0,0
C1106189986,0,0
C1576936424,0,0
C1480569460,0,0
C539682927,0,0
C428468422,0,0
C902064508,0,0
C273531298,0,0
C1741892180,0,0
C826945968,0,0
C659763564,0,0
C1508750581,0,0
C663925782,0,0
C1194710757,0,0
C2043889470,0,0
C1303187181,0,0
C2142052682,0,0
C373703332,0,0
C1976503781,0,0
C1353756631,0,0
C1182888954,0,0
C1651923692,0,0
C1868288866,0,0
C977278793,0,0
C2006166872,0,0
C669132924,0,0
C370356001,0,0
C752060661,0,0
C1178605914,0,0
C1893169190,0,0
C2133998394,0,0
C1326878729,0,0
C165337720,0,0
C1107789101,0,0
C746757564,0,0
C1475331837,0,0
C138010466,0,0
C1994984869,0,0
C1312690617,0,0
C1741684397,0,0
C558624761,0,0
C535910992,0,0
C561783758,0,0
C970890202,0,0
C1192529727,0,0
C1377988183,0,0
C302007694,0,0
C1607277663,0,0
C1019416046,0,0
C2102562039,0,0
C1844349670,0,0
C1526090976,0,0
C2122225197,0,0
C388143137,0,0
C243440025,0,0
C1727743461,0,0
C1824418025,0,0
C1868437199,0,0
C1963590892,0,0
C1239593925,0,0
C1451516720,0,0
C1240727361,0,0
C1828438007,0,0
C819680566,0,0
C1169370622,0,0
C584698467,0,0
C1212238315,0,0
C348209600,0,0
C224468764,0,0
C1375503918,1,0
C175961135,1,0
C266376067,0,0
C685827172,0,0
C496556704,0,0
C2078237101,0,0
C1412655478,0,0
C998015174,0,0
C1956244167,0,0
C194838923,0,0
C2045706119,0,0
C1800389329,0,0
C501491806,0,0
C104136534,0,0
C1514687713,0,0
C805184575,0,0
C1083777179,0,0
C497877502,0,0
C1044174590,0,0
C1756837032,0,0
C1108730163,0,0
C227080339,0,0
C1223357487,0,0
C1217347025,0,0
C2076543121,0,0
C1430358188,0,0
C1209358542,0,0
C2134194703,0,0
C479442206,0,0
C2081368312,0,0
C1182469998,0,0
C1108136194,0,0
C316746441,0,0
C2055422401,0,0
C386153220,0,0
C837981622,0,0
C1283634655,0,0
C1108651663,0,0
C584866226,0,0
C1415812333,0,0
C647218712,0,0
C2093996783,0,0
C174999703,0,0
C431939256,0,0
C1677115089,0,0
C291284958,0,0
C2133359512,0,0
C840042838,0,0
C1430104337,0,0
C847141861,0,0
C1450121298,0,0
C1856128687,0,0
C776178157,0,0
C462487268,0,0
C890488908,0,0
C1232631679,0,0
C2076611420,0,0
C1740453150,0,0
C1288163341,0,0
C1183745381,0,0
C152937115,0,0
C117859171,0,0
C1974701110,0,0
C1193577032,0,0
C592048461,0,0
C400593724,0,0
C2128310218,0,0
C500096147,0,0
C1902216702,0,0
C1653309853,0,0
C1200293689,0,0
C751460639,0,0
C1375297293,0,0
C1874901958,0,0
C1886247880,0,0
C265330243,0,0
C340441475,0,0
C2126392903,0,0
C1620253123,0,0
C1807397140,0,0
C712874817,0,0
C633226335,0,0
C1562057770,0,0
C1670849676,0,0
C636886060,0,0
C1924999281,0,0
C2000851008,0,0
C757819744,0,0
C942217109,0,0
C592207425,0,0
C1089407736,0,0
C913902572,0,0
C1176254217,0,0
C132372445,0,0
C1063494931,0,0
C1714961449,0,0
C2138849804,0,0
C1137401656,0,0
C2034546868,0,0
C340792090,0,0
C1602154134,0,0
C1408290972,0,0
C1202508091,0,0
C1871617286,0,0
C577948592,0,0
C403388441,0,0
C1193749715,0,0
C854719230,0,0
C1565601243,0,0
C1307024253,0,0
C1280378749,0,0
C674882504,0,0
C579983776,0,0
C963014210,0,0
C162674722,0,0
C1785495362,0,0
C1515282013,0,0
C854795811,0,0
C1805638598,0,0
C1387174267,0,0
C257260599,0,0
C1482087396,0,0
C2115368148,0,0
C1510312933,0,0
C1320122626,0,0
C549982920,0,0
C1907028305,0,0
C117839394,0,0
C1391067753,0,0
C1953251612,0,0
C1374664497,0,0
C1172754912,0,0
C1302459274,0,0
C1043822951,0,0
C1887326180,0,0
C847372226,0,0
C339881373,0,0
C704832331,0,0
C1526730726,0,0
C2062828451,0,0
C2066066225,0,0
C1759368213,0,0
C1715876585,0,0
C1229754153,0,0
C475526834,0,0
C1724495151,0,0
C913796146,0,0
C1557752641,0,0
C1929649021,0,0
C94500728,0,0
C80504258,0,0
C1835477972,0,0
C7508078,0,0
C21252030,0,0
C1588976146,0,0
C1352254875,0,0
C64364705,0,0
C1373885310,0,0
C977772506,0,0
C74633460,0,0
C1299866826,0,0
C1679352734,0,0
C56840345,0,0
C278254138,0,0
C718057154,0,0
C8633103,0,0
C1792826268,0,0
C67570169,0,0
C1670627211,0,0
C1252204540,0,0
C131343682,0,0
C528965756,0,0
C1843324431,0,0
C1252165500,0,0
C713702106,0,0
C247969246,0,0
C1276761134,0,0
C1700960966,0,0
C1417854124,0,0
C1633770314,0,0
C867909510,0,0
C1791280119,0,0
C507507251,0,0
C1879219501,0,0
C1889468930,0,0
C21063905,0,0
C379963364,0,0
C145664926,0,0
C973123933,0,0
C1273012861,0,0
C1610853733,0,0
C784961589,0,0
C201484047,0,0
C331216192,0,0
C1305194069,0,0
C4888672,0,0
C2090953436,0,0
C1524744833,0,0
C513113647,0,0
C1035219650,0,0
C26229597,0,0
C1560243060,0,0
C1656059001,0,0
C245386411,0,0
C1519396442,0,0
C1727776231,0,0
C1381341801,0,0
C272220100,0,0
C33389111,0,0
C1487424018,0,0
C242224826,0,0
C1681318273,0,0
C1801756410,0,0
C906397479,0,0
C1918121287,0,0
C582979874,0,0
C545392109,0,0
C157843285,0,0
C1459669467,0,0
C1806434229,0,0
C1886186662,0,0
C1266759621,0,0
C1617566660,0,0
C1155300221,0,0
C637524006,0,0
C237630710,0,0
C441683672,0,0
C970900790,0,0
C1287215032,0,0
C1935994577,0,0
C1858863803,0,0
C1699826397,0,0
C1999639763,0,0
C277155095,0,0
C646337666,0,0
C202395890,0,0
C1938634748,0,0
C1872905355,0,0
C1639652941,0,0
C1549005458,0,0
C1190857779,0,0
C989896315,0,0
C40936992,0,0
C1106510750,0,0
C1609565447,0,0
C1614588868,0,0
C1744457797,0,0
C116606935,0,0
C1500820019,0,0
C1544765522,0,0
C1776180205,0,0
C1963943166,0,0
C160867654,0,0
C1338074614,0,0
C1415274192,0,0
C1518204977,0,0
C1719519917,0,0
C584580417,0,0
C745835029,0,0
C436028378,0,0
C291359466,0,0
C217911413,0,0
C72423389,0,0
C2000779038,0,0
C137685382,0,0
C1823354445,0,0
C1615668218,0,0
C482885994,0,0
C857732012,0,0
C777940932,0,0
C663083782,0,0
C2040008077,0,0
C903218049,0,0
C1756064432,0,0
C1644155208,0,0
C1479691423,0,0
C1568507411,0,0
C1857063398,0,0
C1002872041,0,0
C1613729684,0,0
C1112569408,0,0
C299684908,0,0
C1278226232,0,0
C44332439,0,0
C1610014012,0,0
C2120532393,0,0
C371990011,0,0
C2040500590,0,0
C568221863,0,0
C1989719972,0,0
C672493939,0,0
C298259383,0,0
C1069436988,0,0
C1008934993,0,0
C984832924,0,0
C1380271191,0,0
C1093707336,0,0
C417160915,0,0
C604257989,0,0
C1282035709,0,0
C1058708051,0,0
C36205461,0,0
C955875766,0,0
C2076165631,0,0
C250144767,0,0
C1689718593,0,0
C370361462,0,0
C1042366725,0,0
C26741311,0,0
C1744190758,0,0
C2023501911,0,0
C1868366224,0,0
C2117382439,0,0
C1623924438,0,0
C1161332079,0,0
C1958242673,0,0
C512734831,0,0
C1032656803,0,0
C180949634,0,0
C2138697198,0,0
C480645280,0,0
C1229143192,0,0
C190605872,0,0
C1006297128,0,0
C393594087,0,0
C1199742317,0,0
C795308615,0,0
C1139817507,0,0
C2048625222,0,0
C690035101,0,0
C1027646388,0,0
C2131984667,0,0
C1509715205,0,0
C2016442966,0,0
C1087712231,0,0
C598569407,0,0
C428061834,0,0
C1654300454,0,0
C192486017,0,0
C1133617880,0,0
C1202874820,0,0
C1911008699,0,0
C839457812,0,0
C2084634607,0,0
C677926378,0,0
C1689169705,0,0
C507377172,0,0
C1702481339,0,0
C265556987,0,0
C504509135,0,0
C1869544015,0,0
C1146222092,0,0
C1690221909,0,0
C2082115343,0,0
C1999695752,0,0
C1312762120,0,0
C238748521,0,0
C1166292560,0,0
C1917071489,0,0
C1703458581,0,0
C1388958672,0,0
C388005723,0,0
C1742798650,0,0
C1877317084,0,0
C1526060911,0,0
C515482607,0,0
C697001207,0,0
C670959005,0,0
C70528019,0,0
C731979931,0,0
C1492980244,0,0
C1594600318,0,0
C863661360,0,0
C729005419,0,0
C1963906615,0,0
C1732146867,0,0
C416355623,0,0
C1569164069,0,0
C944757319,0,0
C1465691120,0,0
C90628418,0,0
C530131514,0,0
C39959931,0,0
C956315623,0,0
C2135267024,0,0
C1485129132,0,0
C2024314762,0,0
C2102232441,0,0
C700249373,0,0
C253988431,0,0
C1979586073,0,0
C1567025476,0,0
C1129442657,0,0
C1172707268,0,0
C473183836,0,0
C1093426827,0,0
C990656849,0,0
C628402659,0,0
C1110095671,0,0
C1071550332,0,0
C299395997,0,0
C1828884696,0,0
C1663271865,0,0
C866073173,0,0
C2098992714,0,0
C547305607,0,0
C1788408659,0,0
C503365602,0,0
C1781368445,0,0
C1751080205,0,0
C1042863993,0,0
C126147004,0,0
C1113666007,0,0
C2088661957,0,0
C332139408,0,0
C894746048,0,0
C1230507176,0,0
C1123830468,0,0
C697707311,0,0
C1763000764,0,0
C1134864869,1,0
C1984954272,1,0
C890525812,0,0
C299837481,0,0
C417621837,0,0
C254041053,0,0
C42007293,0,0
C347239869,0,0
C1258539949,0,0
C1546727972,0,0
C1268088240,0,0
C142871704,0,0
C41155230,0,0
C2058526846,0,0
C1590099678,0,0
C928508130,0,0
C2139788372,0,0
C1871048194,0,0
C1812422301,0,0
C129059937,0,0
C1582928128,0,0
C907858780,0,0
C1248079435,0,0
C994084545,0,0
C869758554,0,0
C1453632464,0,0
C1442883034,0,0
C647111342,0,0
C1087916281,0,0
C2100728289,0,0
C1153180745,0,0
C1968751179,0,0
C521311335,0,0
C1461001018,0,0
C771715205,0,0
C1343838143,0,0
C187737357,0,0
C1819552644,0,0
C1403325194,0,0
C962548461,0,0
C16957838,0,0
C1709913495,0,0
C736874772,0,0
C927744186,0,0
C417118375,0,0
C1842002393,0,0
C1511319053,0,0
C260580453,0,0
C1928117427,0,0
C1246807878,0,0
C923366543,0,0
C2045560071,0,0
C1861416877,0,0
C584349634,0,0
C1585824283,0,0
C1105129521,0,0
C954742840,0,0
C964895360,0,0
C1231469233,0,0
C2131723476,0,0
C115297013,0,0
C652803980,0,0
C1520921298,0,0
C1494051958,0,0
C628694336,0,0
C1150063356,0,0
C622625093,0,0
C398468940,0,0
C2059316201,0,0
C458385820,0,0
C38851648,0,0
C1992844647,0,0
C94690722,0,0
C872699266,0,0
C517787604,0,0
C519751097,0,0
C1769565136,0,0
C1088381072,0,0
C72187428,0,0
C650687126,0,0
C284427775,0,0
C2133325211,0,0
C1166021410,0,0
C891327883,0,0
C689588113,0,0
C95545487,0,0
C1779787990,0,0
C456653804,0,0
C196340990,0,0
C2047145776,0,0
C802270602,0,0
C897541009,0,0
C1755295609,0,0
C1479446866,0,0
C882658588,0,0
C233142783,0,0
C802395190,0,0
C1178160997,0,0
C833272193,0,0
C1297189990,0,0
C622690269,0,0
C957683143,0,0
C95476731,0,0
C127401209,0,0
C366023886,0,0
C190490203,0,0
C1797763792,0,0
C293618119,0,0
C1548535364,0,0
C569894199,0,0
C1656143941,0,0
C1186127045,0,0
C1886350630,0,0
C1794531113,0,0
C1015139714,0,0
C1238055041,0,0
C676060909,0,0
C1210856733,0,0
C52477555,0,0
C1794314439,0,0
C1257058590,0,0
C1278790934,0,0
C257684104,0,0
C740120508,0,0
C650608468,0,0
C1048928512,0,0
C1855589354,0,0
C687608114,0,0
C895280806,0,0
C541330540,0,0
C507479765,0,0
C1443000737,0,0
C79283217,0,0
C69115782,0,0
C1727379710,0,0
C591352568,0,0
C1777112002,0,0
C436126678,0,0
C1384626783,0,0
C192318053,0,0
C1770453310,0,0
C958817283,0,0
C1957691975,0,0
C1273270490,0,0
C893281161,0,0
C2053491093,0,0
C988876043,0,0
C1014698874,0,0
C1514723919,0,0
C1680139795,0,0
C351249017,0,0
C149526537,0,0
C1295338046,0,0
C1615669446,0,0
C2134639513,0,0
C406831866,0,0
C856937591,0,0
C1247938090,1,0
C2126545173,1,0
C1407009494,0,0
C1149217113,0,0
C121597447,0,0
C353489239,0,0
C1027377263,0,0
C1717967062,0,0
C45790744,0,0
C516570791,0,0
C1940311161,0,0
C356347252,0,0
C698062929,0,0
C1731365835,0,0
C605472344,0,0
C1834961152,0,0
C458624688,0,0
C509632753,0,0
C745287727,0,0
C956448191,0,0
C1460298405,0,0
C908218259,0,0
C1386713738,0,0
C1446825265,0,0
C1200601052,0,0
C431446827,0,0
C1666144466,0,0
C1481970600,0,0
C51325109,0,0
C1789387126,0,0
C672869885,0,0
C483529787,0,0
C1612539426,0,0
C2061424899,0,0
C639579551,0,0
C1461216550,0,0
C1727096642,0,0
C1012194796,0,0
C5181771,0,0
C1071522313,0,0
C1739390441,0,0
C1971855969,0,0
C1633615132,0,0
C713939266,0,0
C889346570,0,0
C2087758561,0,0
C1221407133,0,0
C1324451332,0,0
C925829785,0,0
C382698552,0,0
C1046211253,0,0
C2086177500,0,0
C871115788,0,0
C1500020749,0,0
C948422615,0,0
C11646065,0,0
C1383031847,0,0
C1327169167,0,0
C1227170244,0,0
C1144653485,0,0
C1843207249,0,0
C1965779427,0,0
C358636931,0,0
C33238764,0,0
C79791382,0,0
C705400860,0,0
C1024478363,0,0
C1698990491,0,0
C1839548688,0,0
C467185608,0,0
C605244604,0,0
C1708786164,0,0
C586164630,0,0
C2089317615,0,0
C1119920494,0,0
C2007031139,0,0
C1413473944,0,0
C1798299644,0,0
C748935206,0,0
C1561936660,0,0
C1983472905,0,0
C1669104653,0,0
C1178270318,0,0
C2093834526,0,0
C1547521797,0,0
C104912388,0,0
C1413020227,0,0
C1364898802,0,0
C2121744549,0,0
C2057313241,0,0
C2120344156,0,0
C627815870,0,0
C778925754,0,0
C1519927539,0,0
C942502343,0,0
C883035926,0,0
C438051252,0,0
C950831464,0,0
C1821711066,0,0
C990722659,0,0
C1348045338,0,0
C1132385302,0,0
C233271622,0,0
C1560203450,0,0
C1784053627,0,0
C40829249,0,0
C1843885967,0,0
C1289903687,0,0
C890085657,0,0
C885465900,0,0
C1357663228,0,0
C677007331,0,0
C629790599,0,0
C394840929,0,0
C1812681178,0,0
C1448580731,0,0
C1468685544,0,0
C382441865,0,0
C940905579,0,0
C665448485,0,0
C1630903943,0,0
C767794003,0,0
C791563230,0,0
C1401564942,0,0
C1351275110,0,0
C560165559,0,0
C313249054,0,0
C802814772,0,0
C540315736,0,0
C1824225917,0,0
C929066990,0,0
C76379039,0,0
C1707889234,0,0
C767535474,0,0
C1101970356,0,0
C1515793520,0,0
C300526628,0,0
C1734023423,0,0
C1752402342,0,0
C935818862,0,0
C1266602046,0,0
C1871838170,0,0
C1341975886,0,0
C12302064,0,0
C735639515,0,0
C816576412,0,0
C1745904086,0,0
C1018094504,0,0
C38914319,0,0
C768702707,0,0
C1684368286,0,0
C1752223660,0,0
C1163216403,0,0
C747833043,0,0
C771359425,0,0
C1468393491,0,0
C1831423452,0,0
C1354510873,0,0
C578362229,0,0
C936544568,0,0
C398777435,0,0
C1211627902,0,0
C1655072591,0,0
C117701189,0,0
C266196910,0,0
C656787973,0,0
C445726857,0,0
C1244394767,0,0
C621197441,0,0
C1568527689,0,0
C1683617002,0,0
C1198513669,0,0
C2059701776,0,0
C1796415927,0,0
C1791253516,0,0
C1618326377,0,0
C589094312,0,0
C805495703,0,0
C940938116,0,0
C1916677384,0,0
C7162498,1,0
C351297720,1,0
C2047521920,1,0
C2044690596,1,0
C319618119,0,0
C728740247,0,0
C1512759723,0,0
C2103044456,0,0
C1478269879,0,0
C328140385,0,0
C1149526768,0,0
C321795476,0,0
C685193713,0,0
C2117938877,0,0
C977952572,0,0
C1483522397,0,0
C72893188,0,0
C1367900185,0,0
C1867568476,0,0
C431300939,0,0
C1605570842,0,0
C1252969149,0,0
C599592065,0,0
C322100932,0,0
C1414411897,0,0
C1753871727,0,0
C588985851,0,0
C651828130,0,0
C58854654,0,0
C604480364,0,0
C1590292218,0,0
C683211146,0,0
C995030431,0,0
C583744857,0,0
C870627780,0,0
C1560244891,0,0
C282166934,0,0
C1804292128,0,0
C2100817420,0,0
C1518022811,0,0
C1174599796,0,0
C2000267972,0,0
C893152673,0,0
C918584437,0,0
C1733354369,0,0
C1568999973,0,0
C184690001,0,0
C1041552272,0,0
C1589146424,0,0
C731487976,0,0
C833298023,0,0
C700171153,0,0
C881280045,0,0
C1393484427,0,0
C977245867,0,0
C1307540790,0,0
C1137180298,0,0
C1744389827,0,0
C565517913,0,0
C394645908,0,0
C1800031808,0,0
C1185465012,0,0
C1332104174,0,0
C1985362663,0,0
C1339507235,0,0
C1340769295,0,0
C850300711,0,0
C1978141335,0,0
C5998675,0,0
C462073515,0,0
C1562107210,0,0
C1746061516,0,0
C878169229,0,0
C2053555034,0,0
C2039783633,0,0
C121521031,0,0
C227005513,0,0
C1094167216,0,0
C502863983,0,0
C1747862060,0,0
C1538844412,0,0
C656844049,0,0
C1925835770,0,0
C1751972013,0,0
C1954507866,0,0
C1726169577,0,0
C1531506932,0,0
C1416549024,0,0
C669812564,0,0
C426123784,0,0
C1660536720,0,0
C154923232,0,0
C1233246555,0,0
C1803976423,0,0
C1038892935,0,0
C2053136992,0,0
C1572516402,0,0
C93560356,0,0
C1499437334,0,0
C542475071,0,0
C678858277,0,0
C822958001,0,0
C339734447,0,0
C419416684,0,0
C73689328,0,0
C1603213074,0,0
C883349979,0,0
C1391249801,0,0
C1969752268,0,0
C1392027380,0,0
C1343407473,0,0
C1686568571,0,0
C1360897103,0,0
C1178953630,0,0
C3804010,0,0
C1402751024,0,0
C1864344016,0,0
C42684986,0,0
C1387948122,0,0
C1674999797,0,0
C1909807998,0,0
C697818620,0,0
C686721068,0,0
C2027371291,0,0
C888000613,0,0
C701526215,0,0
C1155521880,0,0
C1923626523,0,0
C206091587,0,0
C1179830093,0,0
C1287728562,0,0
C99253188,0,0
C1768926513,0,0
C2053425932,0,0
C1816978819,0,0
C700171836,0,0
C656898222,0,0
C63015234,0,0
C1950102816,0,0
C1749205249,0,0
C592238700,0,0
C742969054,0,0
C969440066,0,0
C1207758771,0,0
C37142680,0,0
C1759694910,0,0
C302687243,0,0
C112026691,0,0
C1063124585,0,0
C980979680,0,0
C326362094,0,0
C1772471998,0,0
C1159606185,0,0
C1018618094,0,0
C1337346642,0,0
C2072945115,0,0
C177279387,0,0
C1997028929,0,0
C589166341,0,0
C756222660,0,0
C789367604,0,0
C423629474,0,0
C1428777808,0,0
C1616453147,0,0
C700791887,0,0
C805957335,0,0
C786722925,0,0
C107285100,0,0
C105019819,0,0
C2034385122,0,0
C1957175487,0,0
C1513124396,0,0
C1328203744,0,0
C612686775,0,0
C287095360,0,0
C1222908765,0,0
C1374212198,0,0
C1395912847,0,0
C663326227,0,0
C1331644236,0,0
C349757746,0,0
C1243234606,0,0
C1607745112,0,0
C1759500919,0,0
C1355676410,0,0
C2032479363,0,0
C1352294549,0,0
C1472904643,0,0
C312233241,0,0
C321358401,0,0
C984978888,0,0
C593881656,0,0
C1227041903,0,0
C1402400433,0,0
C663824117,0,0
C2004952636,0,0
C995760621,0,0
C1805402813,0,0
C858934277,0,0
C936632640,0,0
C54440148,0,0
C575506130,0,0
C720007548,0,0
C311536309,0,0
C2098413495,0,0
C2125625192,0,0
C98818836,0,0
C844194537,0,0
C96749807,0,0
C1883144272,0,0
C1237443220,0,0
C2000793115,0,0
C1415390560,0,0
C1753607449,0,0
C276922182,0,0
C1243800791,0,0
C375918615,0,0
C930569137,0,0
C757099121,0,0
C977320786,0,0
C505693686,0,0
C675909854,0,0
C1793759719,0,0
C2017574192,0,0
C1170735890,0,0
C931003277,0,0
C1117812847,0,0
C540962910,1,0
C2026325575,1,0
C962931248,0,0
C67928167,0,0
C1186663391,0,0
C478468106,0,0
C1653634548,0,0
C1212782393,0,0
C1916224178,0,0
C1436127733,0,0
C885481831,0,0
C817092761,0,0
C2027499247,0,0
C1641418296,0,0
C1855297340,0,0
C1078783335,0,0
C1901272535,0,0
C539322891,0,0
C1649096004,0,0
C1162595263,0,0
C748673892,0,0
C669096398,0,0
C473655651,0,0
C120999784,0,0
C2124688514,0,0
C216758017,0,0
C17222024,1,0
C556223230,1,0
C1990419108,0,0
C1445448489,0,0
C538441446,0,0
C2043313130,0,0
C1271515799,0,0
C343722304,0,0
C1891799894,0,0
C602280210,0,0
C1639319040,0,0
C873134840,0,0
C1647891936,0,0
C747343328,0,0
C1795568752,0,0
C577592048,0,0
C919962315,0,0
C618199162,0,0
C626889335,0,0
C2115575770,0,0
C753214674,0,0
C238590461,0,0
C2022586114,0,0
C1192787792,0,0
C1898870910,0,0
C1468809177,0,0
C649316770,0,0
C308221618,0,0
C1401212518,0,0
C320414325,0,0
C211507865,0,0
C720242436,0,0
C1329362952,0,0
C298156448,0,0
C154487101,0,0
C885403615,0,0
C515398215,0,0
C30573521,0,0
C801783477,0,0
C2092080808,0,0
C2121560119,0,0
C1292769946,0,0
C622955085,0,0
C200452658,0,0
C1457166003,0,0
C1799199800,0,0
C1114050800,0,0
C1549439412,0,0
C1580727170,0,0
C1508667424,0,0
C603327357,0,0
C732559750,0,0
C1252261018,0,0
C1895102622,0,0
C1665837086,0,0
C122361912,0,0
C96358826,0,0
C1817659355,0,0
C46727015,0,0
C561200318,0,0
C1690893563,0,0
C420502151,0,0
C733419479,0,0
C1629595613,0,0
C582495711,0,0
C683639513,0,0
C1154275164,0,0
C34737133,0,0
C1950069658,0,0
C1060932448,0,0
C1060469917,0,0
C1415104286,0,0
C536674580,0,0
C631410926,0,0
C936432499,0,0
C1079152956,0,0
C940088750,0,0
C1576874484,0,0
C1256142210,0,0
C1663189493,0,0
C1467742939,0,0
C1425202985,0,0
C1844941220,1,0
C1699873763,1,0
C810898134,0,0
C599203108,0,0
C1280730191,0,0
C1129874021,0,0
C269287960,0,0
C548940245,0,0
C79362455,0,0
C1681875321,0,0
C848187074,0,0
C1761382759,0,0
C318558192,0,0
C1359849336,0,0
C547468206,0,0
C979248421,0,0
C106193777,0,0
C1277969640,0,0
C578458429,0,0
C635340952,0,0
C232208362,0,0
C705258430,0,0
C1239935217,0,0
C1179573791,0,0
C1687227181,0,0
C306693934,0,0
C1600249858,0,0
C521641809,0,0
C1534265514,0,0
C1634001207,0,0
C1032689422,0,0
C1770496307,0,0
C26428217,0,0
C1257319011,0,0
C514556983,0,0
C1928254791,0,0
C706631622,0,0
C1821786174,0,0
C592655690,0,0
C582479659,0,0
C1008188683,0,0
C722044259,0,0
C218857805,0,0
C195359600,0,0
C2062604571,0,0
C820781338,0,0
C1719990258,0,0
C1348283308,0,0
C227972178,0,0
C1962189498,0,0
C1739940094,0,0
C351108575,0,0
C1147964530,0,0
C299004234,0,0
C747258971,0,0
C934352027,0,0
C1876028021,0,0
C1050971191,0,0
C1896539815,0,0
C402808914,0,0
C1845922505,0,0
C3998546,0,0
C948900440,0,0
C1644529474,0,0
C920603686,0,0
C947069810,0,0
C1671214984,0,0
C1294333974,0,0
C1783296129,0,0
C1412600960,0,0
C1693658782,0,0
C997657863,0,0
C533392019,0,0
C1822159797,0,0
C145494758,0,0
C1934605027,0,0
C1248488041,0,0
C1407795127,0,0
C589699084,0,0
C469816326,0,0
C89772444,0,0
C1806062974,0,0
C1409933277,1,0
C1174000532,1,0
C472736752,0,0
C548752638,0,0
C735796751,0,0
C1553893991,0,0
C674925270,0,0
C1904600593,0,0
C1154759881,0,0
C944009919,0,0
C998574047,0,0
C1159206653,0,0
C1171097095,0,0
C206142037,0,0
C1573356572,0,0
C171672975,0,0
C26030311,0,0
C611711907,0,0
C1910326820,0,0
C677705863,0,0
C1349536242,0,0
C1102782217,0,0
C1727196188,0,0
C317051873,0,0
C800097023,0,0
C1720332964,0,0
C195699326,0,0
C891193852,0,0
C45515497,0,0
C1337659716,0,0
C951868096,0,0
C2044082767,0,0
C1956358668,0,0
C456911980,0,0
C559179052,0,0
C1277867318,0,0
C545580634,0,0
C462398202,0,0
C2093086508,0,0
C495885630,0,0
C906838480,0,0
C1166452906,0,0
C1413886848,0,0
C2016067912,0,0
C1641214567,0,0
C651431031,0,0
C1686232293,0,0
C344410717,0,0
C1238061104,0,0
C51362851,0,0
C762629053,0,0
C598722341,0,0
C1564449239,0,0
C1444776174,0,0
C46351362,0,0
C1602764176,0,0
C2119759511,0,0
C1144539978,0,0
C1556341915,0,0
C1111041582,0,0
C2079100080,0,0
C2106129052,0,0
C1051471498,0,0
C892299047,0,0
C716825662,0,0
C283092975,0,0
C1339556608,0,0
C25187203,0,0
C1694355353,0,0
C166788150,0,0
C104803851,0,0
C94398724,0,0
C262926126,0,0
C28615585,0,0
C2122615530,0,0
C2020226167,0,0
C677930699,0,0
C216359372,0,0
C1458334048,0,0
C2139895366,0,0
C347691330,0,0
C863351064,0,0
C107444607,0,0
C407327219,0,0
C1189771504,0,0
C1485438020,0,0
C1704512171,0,0
C1207093026,0,0
C1388972756,0,0
C1161209621,0,0
C1717104778,0,0
C935522484,0,0
C903663666,0,0
C1159911315,0,0
C1692381981,0,0
C1144567906,0,0
C397847959,0,0
C1157328573,0,0
C1571125860,0,0
C1558127130,0,0
C2116548099,0,0
C1630986748,0,0
C389464548,0,0
C853343978,0,0
C1938456924,0,0
C627419088,0,0
C83721081,0,0
C1359212194,0,0
C1982072255,0,0
C2121754508,0,0
C289336712,0,0
C1594259443,0,0
C165255249,0,0
C1289213409,0,0
C719528798,0,0
C1186361374,0,0
C57172873,0,0
C1910687448,0,0
C1109979753,0,0
C929782962,0,0
C2002720253,0,0
C275569096,0,0
C2016512706,0,0
C2010024132,0,0
C18529644,0,0
C43734323,0,0
C1980278840,0,0
C1971558037,0,0
C564569236,0,0
C2035048286,0,0
C1253466407,0,0
C594043354,0,0
C939455271,0,0
C752090153,0,0
C1435836365,0,0
C890491412,0,0
C1966372954,0,0
C1186328673,0,0
C1000600589,0,0
C277549599,0,0
C1185631996,0,0
C804559024,0,0
